estado,total,especie,n_animais,utilizado,dor,droga
AK,25,outras_especies,25,não,não,não
AK,25,gatos,0,não,não,não
AK,25,caes,0,não,não,não
AK,25,cavia_p,0,não,não,não
AK,25,hamsters,0,não,não,não
AK,25,primatas_nao_humanos,0,não,não,não
AK,25,animais_de_fazenda,0,não,não,não
AK,25,porcos,0,não,não,não
AK,25,coelhos,0,não,não,não
AK,25,ovelhas,0,não,não,não
AL,2317,outras_especies,730,não,não,não
AL,2317,gatos,132,não,não,não
AL,2317,caes,141,não,não,não
AL,2317,cavia_p,0,não,não,não
AL,2317,hamsters,0,não,não,não
AL,2317,primatas_nao_humanos,0,não,não,não
AL,2317,animais_de_fazenda,39,não,não,não
AL,2317,porcos,1249,não,não,não
AL,2317,coelhos,23,não,não,não
AL,2317,ovelhas,3,não,não,não
AR,221,outras_especies,5,não,não,não
AR,221,gatos,25,não,não,não
AR,221,caes,94,não,não,não
AR,221,cavia_p,0,não,não,não
AR,221,hamsters,1,não,não,não
AR,221,primatas_nao_humanos,56,não,não,não
AR,221,animais_de_fazenda,0,não,não,não
AR,221,porcos,0,não,não,não
AR,221,coelhos,40,não,não,não
AR,221,ovelhas,0,não,não,não
AZ,150,outras_especies,81,não,não,não
AZ,150,gatos,2,não,não,não
AZ,150,caes,9,não,não,não
AZ,150,cavia_p,0,não,não,não
AZ,150,hamsters,0,não,não,não
AZ,150,primatas_nao_humanos,6,não,não,não
AZ,150,animais_de_fazenda,0,não,não,não
AZ,150,porcos,29,não,não,não
AZ,150,coelhos,4,não,não,não
AZ,150,ovelhas,19,não,não,não
CA,12238,outras_especies,4781,não,não,não
CA,12238,gatos,138,não,não,não
CA,12238,caes,161,não,não,não
CA,12238,cavia_p,104,não,não,não
CA,12238,hamsters,207,não,não,não
CA,12238,primatas_nao_humanos,3596,não,não,não
CA,12238,animais_de_fazenda,692,não,não,não
CA,12238,porcos,47,não,não,não
CA,12238,coelhos,2455,não,não,não
CA,12238,ovelhas,57,não,não,não
CO,979,outras_especies,827,não,não,não
CO,979,gatos,15,não,não,não
CO,979,caes,19,não,não,não
CO,979,cavia_p,44,não,não,não
CO,979,hamsters,16,não,não,não
CO,979,primatas_nao_humanos,0,não,não,não
CO,979,animais_de_fazenda,3,não,não,não
CO,979,porcos,4,não,não,não
CO,979,coelhos,0,não,não,não
CO,979,ovelhas,51,não,não,não
CT,146,outras_especies,125,não,não,não
CT,146,gatos,2,não,não,não
CT,146,caes,0,não,não,não
CT,146,cavia_p,1,não,não,não
CT,146,hamsters,0,não,não,não
CT,146,primatas_nao_humanos,16,não,não,não
CT,146,animais_de_fazenda,0,não,não,não
CT,146,porcos,0,não,não,não
CT,146,coelhos,2,não,não,não
CT,146,ovelhas,0,não,não,não
DC,571,outras_especies,0,não,não,não
DC,571,gatos,18,não,não,não
DC,571,caes,0,não,não,não
DC,571,cavia_p,142,não,não,não
DC,571,hamsters,37,não,não,não
DC,571,primatas_nao_humanos,361,não,não,não
DC,571,animais_de_fazenda,0,não,não,não
DC,571,porcos,5,não,não,não
DC,571,coelhos,8,não,não,não
DC,571,ovelhas,0,não,não,não
DE,4154,outras_especies,0,não,não,não
DE,4154,gatos,0,não,não,não
DE,4154,caes,0,não,não,não
DE,4154,cavia_p,0,não,não,não
DE,4154,hamsters,0,não,não,não
DE,4154,primatas_nao_humanos,0,não,não,não
DE,4154,animais_de_fazenda,140,não,não,não
DE,4154,porcos,0,não,não,não
DE,4154,coelhos,3960,não,não,não
DE,4154,ovelhas,54,não,não,não
FL,4875,outras_especies,832,não,não,não
FL,4875,gatos,30,não,não,não
FL,4875,caes,14,não,não,não
FL,4875,cavia_p,1,não,não,não
FL,4875,hamsters,66,não,não,não
FL,4875,primatas_nao_humanos,3923,não,não,não
FL,4875,animais_de_fazenda,0,não,não,não
FL,4875,porcos,5,não,não,não
FL,4875,coelhos,0,não,não,não
FL,4875,ovelhas,4,não,não,não
GA,2697,outras_especies,787,não,não,não
GA,2697,gatos,11,não,não,não
GA,2697,caes,0,não,não,não
GA,2697,cavia_p,0,não,não,não
GA,2697,hamsters,12,não,não,não
GA,2697,primatas_nao_humanos,1880,não,não,não
GA,2697,animais_de_fazenda,0,não,não,não
GA,2697,porcos,0,não,não,não
GA,2697,coelhos,7,não,não,não
GA,2697,ovelhas,0,não,não,não
HI,0,outras_especies,0,não,não,não
HI,0,gatos,0,não,não,não
HI,0,caes,0,não,não,não
HI,0,cavia_p,0,não,não,não
HI,0,hamsters,0,não,não,não
HI,0,primatas_nao_humanos,0,não,não,não
HI,0,animais_de_fazenda,0,não,não,não
HI,0,porcos,0,não,não,não
HI,0,coelhos,0,não,não,não
HI,0,ovelhas,0,não,não,não
IA,2945,outras_especies,291,não,não,não
IA,2945,gatos,0,não,não,não
IA,2945,caes,2,não,não,não
IA,2945,cavia_p,0,não,não,não
IA,2945,hamsters,82,não,não,não
IA,2945,primatas_nao_humanos,0,não,não,não
IA,2945,animais_de_fazenda,122,não,não,não
IA,2945,porcos,2444,não,não,não
IA,2945,coelhos,3,não,não,não
IA,2945,ovelhas,1,não,não,não
ID,292,outras_especies,282,não,não,não
ID,292,gatos,2,não,não,não
ID,292,caes,1,não,não,não
ID,292,cavia_p,0,não,não,não
ID,292,hamsters,0,não,não,não
ID,292,primatas_nao_humanos,0,não,não,não
ID,292,animais_de_fazenda,0,não,não,não
ID,292,porcos,0,não,não,não
ID,292,coelhos,7,não,não,não
ID,292,ovelhas,0,não,não,não
IL,791,outras_especies,375,não,não,não
IL,791,gatos,26,não,não,não
IL,791,caes,99,não,não,não
IL,791,cavia_p,15,não,não,não
IL,791,hamsters,0,não,não,não
IL,791,primatas_nao_humanos,126,não,não,não
IL,791,animais_de_fazenda,18,não,não,não
IL,791,porcos,14,não,não,não
IL,791,coelhos,107,não,não,não
IL,791,ovelhas,11,não,não,não
IN,844,outras_especies,256,não,não,não
IN,844,gatos,17,não,não,não
IN,844,caes,70,não,não,não
IN,844,cavia_p,68,não,não,não
IN,844,hamsters,328,não,não,não
IN,844,primatas_nao_humanos,89,não,não,não
IN,844,animais_de_fazenda,0,não,não,não
IN,844,porcos,2,não,não,não
IN,844,coelhos,14,não,não,não
IN,844,ovelhas,0,não,não,não
KS,209,outras_especies,3,não,não,não
KS,209,gatos,47,não,não,não
KS,209,caes,114,não,não,não
KS,209,cavia_p,12,não,não,não
KS,209,hamsters,1,não,não,não
KS,209,primatas_nao_humanos,10,não,não,não
KS,209,animais_de_fazenda,0,não,não,não
KS,209,porcos,15,não,não,não
KS,209,coelhos,7,não,não,não
KS,209,ovelhas,0,não,não,não
KY,494,outras_especies,171,não,não,não
KY,494,gatos,11,não,não,não
KY,494,caes,0,não,não,não
KY,494,cavia_p,0,não,não,não
KY,494,hamsters,0,não,não,não
KY,494,primatas_nao_humanos,0,não,não,não
KY,494,animais_de_fazenda,86,não,não,não
KY,494,porcos,174,não,não,não
KY,494,coelhos,3,não,não,não
KY,494,ovelhas,49,não,não,não
LA,9897,outras_especies,32,não,não,não
LA,9897,gatos,31,não,não,não
LA,9897,caes,19,não,não,não
LA,9897,cavia_p,0,não,não,não
LA,9897,hamsters,0,não,não,não
LA,9897,primatas_nao_humanos,9741,não,não,não
LA,9897,animais_de_fazenda,63,não,não,não
LA,9897,porcos,0,não,não,não
LA,9897,coelhos,8,não,não,não
LA,9897,ovelhas,3,não,não,não
MA,8000,outras_especies,4195,não,não,não
MA,8000,gatos,0,não,não,não
MA,8000,caes,263,não,não,não
MA,8000,cavia_p,199,não,não,não
MA,8000,hamsters,359,não,não,não
MA,8000,primatas_nao_humanos,1161,não,não,não
MA,8000,animais_de_fazenda,850,não,não,não
MA,8000,porcos,200,não,não,não
MA,8000,coelhos,760,não,não,não
MA,8000,ovelhas,13,não,não,não
MD,10921,outras_especies,4838,não,não,não
MD,10921,gatos,2,não,não,não
MD,10921,caes,0,não,não,não
MD,10921,cavia_p,558,não,não,não
MD,10921,hamsters,750,não,não,não
MD,10921,primatas_nao_humanos,4702,não,não,não
MD,10921,animais_de_fazenda,8,não,não,não
MD,10921,porcos,19,não,não,não
MD,10921,coelhos,43,não,não,não
MD,10921,ovelhas,1,não,não,não
ME,126,outras_especies,0,não,não,não
ME,126,gatos,0,não,não,não
ME,126,caes,0,não,não,não
ME,126,cavia_p,0,não,não,não
ME,126,hamsters,0,não,não,não
ME,126,primatas_nao_humanos,0,não,não,não
ME,126,animais_de_fazenda,87,não,não,não
ME,126,porcos,0,não,não,não
ME,126,coelhos,39,não,não,não
ME,126,ovelhas,0,não,não,não
MI,14554,outras_especies,420,não,não,não
MI,14554,gatos,65,não,não,não
MI,14554,caes,142,não,não,não
MI,14554,cavia_p,13102,não,não,não
MI,14554,hamsters,15,não,não,não
MI,14554,primatas_nao_humanos,760,não,não,não
MI,14554,animais_de_fazenda,0,não,não,não
MI,14554,porcos,4,não,não,não
MI,14554,coelhos,46,não,não,não
MI,14554,ovelhas,0,não,não,não
MN,1781,outras_especies,2,não,não,não
MN,1781,gatos,0,não,não,não
MN,1781,caes,74,não,não,não
MN,1781,cavia_p,956,não,não,não
MN,1781,hamsters,34,não,não,não
MN,1781,primatas_nao_humanos,0,não,não,não
MN,1781,animais_de_fazenda,0,não,não,não
MN,1781,porcos,308,não,não,não
MN,1781,coelhos,376,não,não,não
MN,1781,ovelhas,31,não,não,não
MO,1588,outras_especies,409,não,não,não
MO,1588,gatos,208,não,não,não
MO,1588,caes,247,não,não,não
MO,1588,cavia_p,246,não,não,não
MO,1588,hamsters,96,não,não,não
MO,1588,primatas_nao_humanos,20,não,não,não
MO,1588,animais_de_fazenda,9,não,não,não
MO,1588,porcos,329,não,não,não
MO,1588,coelhos,24,não,não,não
MO,1588,ovelhas,0,não,não,não
MS,40,outras_especies,22,não,não,não
MS,40,gatos,0,não,não,não
MS,40,caes,1,não,não,não
MS,40,cavia_p,0,não,não,não
MS,40,hamsters,0,não,não,não
MS,40,primatas_nao_humanos,17,não,não,não
MS,40,animais_de_fazenda,0,não,não,não
MS,40,porcos,0,não,não,não
MS,40,coelhos,0,não,não,não
MS,40,ovelhas,0,não,não,não
MT,495,outras_especies,425,não,não,não
MT,495,gatos,0,não,não,não
MT,495,caes,0,não,não,não
MT,495,cavia_p,67,não,não,não
MT,495,hamsters,0,não,não,não
MT,495,primatas_nao_humanos,0,não,não,não
MT,495,animais_de_fazenda,3,não,não,não
MT,495,porcos,0,não,não,não
MT,495,coelhos,0,não,não,não
MT,495,ovelhas,0,não,não,não
NC,340,outras_especies,47,não,não,não
NC,340,gatos,27,não,não,não
NC,340,caes,14,não,não,não
NC,340,cavia_p,134,não,não,não
NC,340,hamsters,0,não,não,não
NC,340,primatas_nao_humanos,3,não,não,não
NC,340,animais_de_fazenda,0,não,não,não
NC,340,porcos,46,não,não,não
NC,340,coelhos,57,não,não,não
NC,340,ovelhas,12,não,não,não
ND,184,outras_especies,0,não,não,não
ND,184,gatos,0,não,não,não
ND,184,caes,0,não,não,não
ND,184,cavia_p,0,não,não,não
ND,184,hamsters,0,não,não,não
ND,184,primatas_nao_humanos,0,não,não,não
ND,184,animais_de_fazenda,0,não,não,não
ND,184,porcos,0,não,não,não
ND,184,coelhos,0,não,não,não
ND,184,ovelhas,184,não,não,não
NE,4,outras_especies,0,não,não,não
NE,4,gatos,0,não,não,não
NE,4,caes,0,não,não,não
NE,4,cavia_p,0,não,não,não
NE,4,hamsters,0,não,não,não
NE,4,primatas_nao_humanos,0,não,não,não
NE,4,animais_de_fazenda,0,não,não,não
NE,4,porcos,2,não,não,não
NE,4,coelhos,2,não,não,não
NE,4,ovelhas,0,não,não,não
NH,0,outras_especies,0,não,não,não
NH,0,gatos,0,não,não,não
NH,0,caes,0,não,não,não
NH,0,cavia_p,0,não,não,não
NH,0,hamsters,0,não,não,não
NH,0,primatas_nao_humanos,0,não,não,não
NH,0,animais_de_fazenda,0,não,não,não
NH,0,porcos,0,não,não,não
NH,0,coelhos,0,não,não,não
NH,0,ovelhas,0,não,não,não
NJ,2535,outras_especies,43,não,não,não
NJ,2535,gatos,13,não,não,não
NJ,2535,caes,272,não,não,não
NJ,2535,cavia_p,200,não,não,não
NJ,2535,hamsters,1067,não,não,não
NJ,2535,primatas_nao_humanos,378,não,não,não
NJ,2535,animais_de_fazenda,0,não,não,não
NJ,2535,porcos,0,não,não,não
NJ,2535,coelhos,550,não,não,não
NJ,2535,ovelhas,12,não,não,não
NM,296,outras_especies,113,não,não,não
NM,296,gatos,15,não,não,não
NM,296,caes,2,não,não,não
NM,296,cavia_p,0,não,não,não
NM,296,hamsters,17,não,não,não
NM,296,primatas_nao_humanos,149,não,não,não
NM,296,animais_de_fazenda,0,não,não,não
NM,296,porcos,0,não,não,não
NM,296,coelhos,0,não,não,não
NM,296,ovelhas,0,não,não,não
NV,12,outras_especies,0,não,não,não
NV,12,gatos,0,não,não,não
NV,12,caes,0,não,não,não
NV,12,cavia_p,5,não,não,não
NV,12,hamsters,0,não,não,não
NV,12,primatas_nao_humanos,0,não,não,não
NV,12,animais_de_fazenda,0,não,não,não
NV,12,porcos,0,não,não,não
NV,12,coelhos,7,não,não,não
NV,12,ovelhas,0,não,não,não
NY,1772,outras_especies,1388,não,não,não
NY,1772,gatos,26,não,não,não
NY,1772,caes,16,não,não,não
NY,1772,cavia_p,63,não,não,não
NY,1772,hamsters,75,não,não,não
NY,1772,primatas_nao_humanos,140,não,não,não
NY,1772,animais_de_fazenda,23,não,não,não
NY,1772,porcos,0,não,não,não
NY,1772,coelhos,41,não,não,não
NY,1772,ovelhas,0,não,não,não
OH,4411,outras_especies,1721,não,não,não
OH,4411,gatos,130,não,não,não
OH,4411,caes,58,não,não,não
OH,4411,cavia_p,1767,não,não,não
OH,4411,hamsters,13,não,não,não
OH,4411,primatas_nao_humanos,14,não,não,não
OH,4411,animais_de_fazenda,0,não,não,não
OH,4411,porcos,46,não,não,não
OH,4411,coelhos,647,não,não,não
OH,4411,ovelhas,15,não,não,não
OK,764,outras_especies,32,não,não,não
OK,764,gatos,9,não,não,não
OK,764,caes,29,não,não,não
OK,764,cavia_p,46,não,não,não
OK,764,hamsters,0,não,não,não
OK,764,primatas_nao_humanos,612,não,não,não
OK,764,animais_de_fazenda,0,não,não,não
OK,764,porcos,2,não,não,não
OK,764,coelhos,10,não,não,não
OK,764,ovelhas,24,não,não,não
OR,2926,outras_especies,112,não,não,não
OR,2926,gatos,0,não,não,não
OR,2926,caes,0,não,não,não
OR,2926,cavia_p,4,não,não,não
OR,2926,hamsters,0,não,não,não
OR,2926,primatas_nao_humanos,2792,não,não,não
OR,2926,animais_de_fazenda,18,não,não,não
OR,2926,porcos,0,não,não,não
OR,2926,coelhos,0,não,não,não
OR,2926,ovelhas,0,não,não,não
PA,6627,outras_especies,1571,não,não,não
PA,6627,gatos,161,não,não,não
PA,6627,caes,126,não,não,não
PA,6627,cavia_p,1745,não,não,não
PA,6627,hamsters,349,não,não,não
PA,6627,primatas_nao_humanos,123,não,não,não
PA,6627,animais_de_fazenda,127,não,não,não
PA,6627,porcos,21,não,não,não
PA,6627,coelhos,2108,não,não,não
PA,6627,ovelhas,296,não,não,não
PR,0,outras_especies,0,não,não,não
PR,0,gatos,0,não,não,não
PR,0,caes,0,não,não,não
PR,0,cavia_p,0,não,não,não
PR,0,hamsters,0,não,não,não
PR,0,primatas_nao_humanos,0,não,não,não
PR,0,animais_de_fazenda,0,não,não,não
PR,0,porcos,0,não,não,não
PR,0,coelhos,0,não,não,não
PR,0,ovelhas,0,não,não,não
RI,120,outras_especies,105,não,não,não
RI,120,gatos,0,não,não,não
RI,120,caes,0,não,não,não
RI,120,cavia_p,15,não,não,não
RI,120,hamsters,0,não,não,não
RI,120,primatas_nao_humanos,0,não,não,não
RI,120,animais_de_fazenda,0,não,não,não
RI,120,porcos,0,não,não,não
RI,120,coelhos,0,não,não,não
RI,120,ovelhas,0,não,não,não
SC,2997,outras_especies,2996,não,não,não
SC,2997,gatos,0,não,não,não
SC,2997,caes,0,não,não,não
SC,2997,cavia_p,1,não,não,não
SC,2997,hamsters,0,não,não,não
SC,2997,primatas_nao_humanos,0,não,não,não
SC,2997,animais_de_fazenda,0,não,não,não
SC,2997,porcos,0,não,não,não
SC,2997,coelhos,0,não,não,não
SC,2997,ovelhas,0,não,não,não
SD,63,outras_especies,0,não,não,não
SD,63,gatos,0,não,não,não
SD,63,caes,0,não,não,não
SD,63,cavia_p,0,não,não,não
SD,63,hamsters,0,não,não,não
SD,63,primatas_nao_humanos,0,não,não,não
SD,63,animais_de_fazenda,46,não,não,não
SD,63,porcos,0,não,não,não
SD,63,coelhos,0,não,não,não
SD,63,ovelhas,17,não,não,não
TN,1152,outras_especies,617,não,não,não
TN,1152,gatos,29,não,não,não
TN,1152,caes,15,não,não,não
TN,1152,cavia_p,0,não,não,não
TN,1152,hamsters,351,não,não,não
TN,1152,primatas_nao_humanos,129,não,não,não
TN,1152,animais_de_fazenda,11,não,não,não
TN,1152,porcos,0,não,não,não
TN,1152,coelhos,0,não,não,não
TN,1152,ovelhas,0,não,não,não
TX,16295,outras_especies,9287,não,não,não
TX,16295,gatos,46,não,não,não
TX,16295,caes,81,não,não,não
TX,16295,cavia_p,34,não,não,não
TX,16295,hamsters,9,não,não,não
TX,16295,primatas_nao_humanos,1944,não,não,não
TX,16295,animais_de_fazenda,150,não,não,não
TX,16295,porcos,146,não,não,não
TX,16295,coelhos,4498,não,não,não
TX,16295,ovelhas,100,não,não,não
UT,271,outras_especies,24,não,não,não
UT,271,gatos,0,não,não,não
UT,271,caes,0,não,não,não
UT,271,cavia_p,0,não,não,não
UT,271,hamsters,116,não,não,não
UT,271,primatas_nao_humanos,37,não,não,não
UT,271,animais_de_fazenda,51,não,não,não
UT,271,porcos,0,não,não,não
UT,271,coelhos,20,não,não,não
UT,271,ovelhas,23,não,não,não
VA,626,outras_especies,73,não,não,não
VA,626,gatos,3,não,não,não
VA,626,caes,10,não,não,não
VA,626,cavia_p,7,não,não,não
VA,626,hamsters,33,não,não,não
VA,626,primatas_nao_humanos,9,não,não,não
VA,626,animais_de_fazenda,3,não,não,não
VA,626,porcos,451,não,não,não
VA,626,coelhos,37,não,não,não
VA,626,ovelhas,0,não,não,não
VT,0,outras_especies,0,não,não,não
VT,0,gatos,0,não,não,não
VT,0,caes,0,não,não,não
VT,0,cavia_p,0,não,não,não
VT,0,hamsters,0,não,não,não
VT,0,primatas_nao_humanos,0,não,não,não
VT,0,animais_de_fazenda,0,não,não,não
VT,0,porcos,0,não,não,não
VT,0,coelhos,0,não,não,não
VT,0,ovelhas,0,não,não,não
WA,5289,outras_especies,486,não,não,não
WA,5289,gatos,0,não,não,não
WA,5289,caes,56,não,não,não
WA,5289,cavia_p,312,não,não,não
WA,5289,hamsters,67,não,não,não
WA,5289,primatas_nao_humanos,3951,não,não,não
WA,5289,animais_de_fazenda,70,não,não,não
WA,5289,porcos,41,não,não,não
WA,5289,coelhos,303,não,não,não
WA,5289,ovelhas,3,não,não,não
WI,7498,outras_especies,1006,não,não,não
WI,7498,gatos,54,não,não,não
WI,7498,caes,3635,não,não,não
WI,7498,cavia_p,76,não,não,não
WI,7498,hamsters,94,não,não,não
WI,7498,primatas_nao_humanos,1888,não,não,não
WI,7498,animais_de_fazenda,0,não,não,não
WI,7498,porcos,230,não,não,não
WI,7498,coelhos,454,não,não,não
WI,7498,ovelhas,61,não,não,não
WV,1837,outras_especies,1813,não,não,não
WV,1837,gatos,0,não,não,não
WV,1837,caes,0,não,não,não
WV,1837,cavia_p,0,não,não,não
WV,1837,hamsters,0,não,não,não
WV,1837,primatas_nao_humanos,0,não,não,não
WV,1837,animais_de_fazenda,0,não,não,não
WV,1837,porcos,0,não,não,não
WV,1837,coelhos,9,não,não,não
WV,1837,ovelhas,15,não,não,não
WY,75,outras_especies,25,não,não,não
WY,75,gatos,0,não,não,não
WY,75,caes,0,não,não,não
WY,75,cavia_p,0,não,não,não
WY,75,hamsters,0,não,não,não
WY,75,primatas_nao_humanos,0,não,não,não
WY,75,animais_de_fazenda,0,não,não,não
WY,75,porcos,0,não,não,não
WY,75,coelhos,0,não,não,não
WY,75,ovelhas,50,não,não,não
AK,141,outras_especies,141,sim,não,não
AK,141,gatos,0,sim,não,não
AK,141,caes,0,sim,não,não
AK,141,cavia_p,0,sim,não,não
AK,141,hamsters,0,sim,não,não
AK,141,primatas_nao_humanos,0,sim,não,não
AK,141,animais_de_fazenda,0,sim,não,não
AK,141,porcos,0,sim,não,não
AK,141,coelhos,0,sim,não,não
AK,141,ovelhas,0,sim,não,não
AL,3081,outras_especies,1110,sim,não,não
AL,3081,gatos,267,sim,não,não
AL,3081,caes,917,sim,não,não
AL,3081,cavia_p,15,sim,não,não
AL,3081,hamsters,36,sim,não,não
AL,3081,primatas_nao_humanos,284,sim,não,não
AL,3081,animais_de_fazenda,95,sim,não,não
AL,3081,porcos,102,sim,não,não
AL,3081,coelhos,152,sim,não,não
AL,3081,ovelhas,103,sim,não,não
AR,1486,outras_especies,3,sim,não,não
AR,1486,gatos,35,sim,não,não
AR,1486,caes,638,sim,não,não
AR,1486,cavia_p,3,sim,não,não
AR,1486,hamsters,1,sim,não,não
AR,1486,primatas_nao_humanos,137,sim,não,não
AR,1486,animais_de_fazenda,4,sim,não,não
AR,1486,porcos,6,sim,não,não
AR,1486,coelhos,659,sim,não,não
AR,1486,ovelhas,0,sim,não,não
AZ,3957,outras_especies,1723,sim,não,não
AZ,3957,gatos,637,sim,não,não
AZ,3957,caes,1238,sim,não,não
AZ,3957,cavia_p,27,sim,não,não
AZ,3957,hamsters,19,sim,não,não
AZ,3957,primatas_nao_humanos,0,sim,não,não
AZ,3957,animais_de_fazenda,160,sim,não,não
AZ,3957,porcos,60,sim,não,não
AZ,3957,coelhos,76,sim,não,não
AZ,3957,ovelhas,17,sim,não,não
CA,38696,outras_especies,6934,sim,não,não
CA,38696,gatos,1888,sim,não,não
CA,38696,caes,4332,sim,não,não
CA,38696,cavia_p,6276,sim,não,não
CA,38696,hamsters,491,sim,não,não
CA,38696,primatas_nao_humanos,1312,sim,não,não
CA,38696,animais_de_fazenda,2984,sim,não,não
CA,38696,porcos,231,sim,não,não
CA,38696,coelhos,13699,sim,não,não
CA,38696,ovelhas,549,sim,não,não
CO,5613,outras_especies,975,sim,não,não
CO,5613,gatos,255,sim,não,não
CO,5613,caes,850,sim,não,não
CO,5613,cavia_p,2021,sim,não,não
CO,5613,hamsters,294,sim,não,não
CO,5613,primatas_nao_humanos,1,sim,não,não
CO,5613,animais_de_fazenda,323,sim,não,não
CO,5613,porcos,22,sim,não,não
CO,5613,coelhos,761,sim,não,não
CO,5613,ovelhas,111,sim,não,não
CT,960,outras_especies,485,sim,não,não
CT,960,gatos,0,sim,não,não
CT,960,caes,151,sim,não,não
CT,960,cavia_p,40,sim,não,não
CT,960,hamsters,60,sim,não,não
CT,960,primatas_nao_humanos,192,sim,não,não
CT,960,animais_de_fazenda,0,sim,não,não
CT,960,porcos,3,sim,não,não
CT,960,coelhos,29,sim,não,não
CT,960,ovelhas,0,sim,não,não
DC,13248,outras_especies,12613,sim,não,não
DC,13248,gatos,8,sim,não,não
DC,13248,caes,0,sim,não,não
DC,13248,cavia_p,247,sim,não,não
DC,13248,hamsters,147,sim,não,não
DC,13248,primatas_nao_humanos,91,sim,não,não
DC,13248,animais_de_fazenda,115,sim,não,não
DC,13248,porcos,0,sim,não,não
DC,13248,coelhos,27,sim,não,não
DC,13248,ovelhas,0,sim,não,não
DE,6059,outras_especies,9,sim,não,não
DE,6059,gatos,48,sim,não,não
DE,6059,caes,56,sim,não,não
DE,6059,cavia_p,31,sim,não,não
DE,6059,hamsters,0,sim,não,não
DE,6059,primatas_nao_humanos,0,sim,não,não
DE,6059,animais_de_fazenda,497,sim,não,não
DE,6059,porcos,0,sim,não,não
DE,6059,coelhos,5377,sim,não,não
DE,6059,ovelhas,41,sim,não,não
FL,3611,outras_especies,1484,sim,não,não
FL,3611,gatos,65,sim,não,não
FL,3611,caes,200,sim,não,não
FL,3611,cavia_p,283,sim,não,não
FL,3611,hamsters,1,sim,não,não
FL,3611,primatas_nao_humanos,1162,sim,não,não
FL,3611,animais_de_fazenda,339,sim,não,não
FL,3611,porcos,7,sim,não,não
FL,3611,coelhos,24,sim,não,não
FL,3611,ovelhas,46,sim,não,não
GA,9295,outras_especies,1946,sim,não,não
GA,9295,gatos,564,sim,não,não
GA,9295,caes,2177,sim,não,não
GA,9295,cavia_p,584,sim,não,não
GA,9295,hamsters,2848,sim,não,não
GA,9295,primatas_nao_humanos,191,sim,não,não
GA,9295,animais_de_fazenda,28,sim,não,não
GA,9295,porcos,45,sim,não,não
GA,9295,coelhos,900,sim,não,não
GA,9295,ovelhas,12,sim,não,não
HI,140,outras_especies,2,sim,não,não
HI,140,gatos,35,sim,não,não
HI,140,caes,73,sim,não,não
HI,140,cavia_p,0,sim,não,não
HI,140,hamsters,0,sim,não,não
HI,140,primatas_nao_humanos,0,sim,não,não
HI,140,animais_de_fazenda,0,sim,não,não
HI,140,porcos,0,sim,não,não
HI,140,coelhos,12,sim,não,não
HI,140,ovelhas,18,sim,não,não
IA,7252,outras_especies,712,sim,não,não
IA,7252,gatos,165,sim,não,não
IA,7252,caes,387,sim,não,não
IA,7252,cavia_p,446,sim,não,não
IA,7252,hamsters,4371,sim,não,não
IA,7252,primatas_nao_humanos,5,sim,não,não
IA,7252,animais_de_fazenda,26,sim,não,não
IA,7252,porcos,573,sim,não,não
IA,7252,coelhos,31,sim,não,não
IA,7252,ovelhas,536,sim,não,não
ID,314,outras_especies,35,sim,não,não
ID,314,gatos,35,sim,não,não
ID,314,caes,102,sim,não,não
ID,314,cavia_p,0,sim,não,não
ID,314,hamsters,0,sim,não,não
ID,314,primatas_nao_humanos,0,sim,não,não
ID,314,animais_de_fazenda,97,sim,não,não
ID,314,porcos,3,sim,não,não
ID,314,coelhos,42,sim,não,não
ID,314,ovelhas,0,sim,não,não
IL,8145,outras_especies,1331,sim,não,não
IL,8145,gatos,509,sim,não,não
IL,8145,caes,1573,sim,não,não
IL,8145,cavia_p,1613,sim,não,não
IL,8145,hamsters,5,sim,não,não
IL,8145,primatas_nao_humanos,453,sim,não,não
IL,8145,animais_de_fazenda,351,sim,não,não
IL,8145,porcos,319,sim,não,não
IL,8145,coelhos,1321,sim,não,não
IL,8145,ovelhas,670,sim,não,não
IN,13787,outras_especies,4510,sim,não,não
IN,13787,gatos,282,sim,não,não
IN,13787,caes,791,sim,não,não
IN,13787,cavia_p,535,sim,não,não
IN,13787,hamsters,6223,sim,não,não
IN,13787,primatas_nao_humanos,236,sim,não,não
IN,13787,animais_de_fazenda,29,sim,não,não
IN,13787,porcos,13,sim,não,não
IN,13787,coelhos,1168,sim,não,não
IN,13787,ovelhas,0,sim,não,não
KS,2967,outras_especies,473,sim,não,não
KS,2967,gatos,613,sim,não,não
KS,2967,caes,1127,sim,não,não
KS,2967,cavia_p,112,sim,não,não
KS,2967,hamsters,6,sim,não,não
KS,2967,primatas_nao_humanos,82,sim,não,não
KS,2967,animais_de_fazenda,112,sim,não,não
KS,2967,porcos,255,sim,não,não
KS,2967,coelhos,139,sim,não,não
KS,2967,ovelhas,48,sim,não,não
KY,476,outras_especies,101,sim,não,não
KY,476,gatos,41,sim,não,não
KY,476,caes,88,sim,não,não
KY,476,cavia_p,16,sim,não,não
KY,476,hamsters,0,sim,não,não
KY,476,primatas_nao_humanos,4,sim,não,não
KY,476,animais_de_fazenda,175,sim,não,não
KY,476,porcos,40,sim,não,não
KY,476,coelhos,7,sim,não,não
KY,476,ovelhas,4,sim,não,não
LA,1236,outras_especies,0,sim,não,não
LA,1236,gatos,23,sim,não,não
LA,1236,caes,36,sim,não,não
LA,1236,cavia_p,0,sim,não,não
LA,1236,hamsters,0,sim,não,não
LA,1236,primatas_nao_humanos,1006,sim,não,não
LA,1236,animais_de_fazenda,167,sim,não,não
LA,1236,porcos,0,sim,não,não
LA,1236,coelhos,4,sim,não,não
LA,1236,ovelhas,0,sim,não,não
MA,42234,outras_especies,3993,sim,não,não
MA,42234,gatos,10,sim,não,não
MA,42234,caes,4456,sim,não,não
MA,42234,cavia_p,8785,sim,não,não
MA,42234,hamsters,3432,sim,não,não
MA,42234,primatas_nao_humanos,8845,sim,não,não
MA,42234,animais_de_fazenda,504,sim,não,não
MA,42234,porcos,3660,sim,não,não
MA,42234,coelhos,8485,sim,não,não
MA,42234,ovelhas,64,sim,não,não
MD,32204,outras_especies,17159,sim,não,não
MD,32204,gatos,35,sim,não,não
MD,32204,caes,421,sim,não,não
MD,32204,cavia_p,7070,sim,não,não
MD,32204,hamsters,1315,sim,não,não
MD,32204,primatas_nao_humanos,3812,sim,não,não
MD,32204,animais_de_fazenda,67,sim,não,não
MD,32204,porcos,97,sim,não,não
MD,32204,coelhos,2198,sim,não,não
MD,32204,ovelhas,30,sim,não,não
ME,893,outras_especies,415,sim,não,não
ME,893,gatos,0,sim,não,não
ME,893,caes,0,sim,não,não
ME,893,cavia_p,0,sim,não,não
ME,893,hamsters,0,sim,não,não
ME,893,primatas_nao_humanos,0,sim,não,não
ME,893,animais_de_fazenda,447,sim,não,não
ME,893,porcos,0,sim,não,não
ME,893,coelhos,31,sim,não,não
ME,893,ovelhas,0,sim,não,não
MI,18017,outras_especies,852,sim,não,não
MI,18017,gatos,314,sim,não,não
MI,18017,caes,2570,sim,não,não
MI,18017,cavia_p,7309,sim,não,não
MI,18017,hamsters,45,sim,não,não
MI,18017,primatas_nao_humanos,2863,sim,não,não
MI,18017,animais_de_fazenda,435,sim,não,não
MI,18017,porcos,1247,sim,não,não
MI,18017,coelhos,2114,sim,não,não
MI,18017,ovelhas,268,sim,não,não
MN,37179,outras_especies,134,sim,não,não
MN,37179,gatos,724,sim,não,não
MN,37179,caes,760,sim,não,não
MN,37179,cavia_p,31133,sim,não,não
MN,37179,hamsters,106,sim,não,não
MN,37179,primatas_nao_humanos,15,sim,não,não
MN,37179,animais_de_fazenda,0,sim,não,não
MN,37179,porcos,67,sim,não,não
MN,37179,coelhos,4163,sim,não,não
MN,37179,ovelhas,77,sim,não,não
MO,9780,outras_especies,1263,sim,não,não
MO,9780,gatos,1181,sim,não,não
MO,9780,caes,1818,sim,não,não
MO,9780,cavia_p,2433,sim,não,não
MO,9780,hamsters,493,sim,não,não
MO,9780,primatas_nao_humanos,87,sim,não,não
MO,9780,animais_de_fazenda,287,sim,não,não
MO,9780,porcos,1167,sim,não,não
MO,9780,coelhos,996,sim,não,não
MO,9780,ovelhas,55,sim,não,não
MS,60,outras_especies,29,sim,não,não
MS,60,gatos,0,sim,não,não
MS,60,caes,26,sim,não,não
MS,60,cavia_p,0,sim,não,não
MS,60,hamsters,0,sim,não,não
MS,60,primatas_nao_humanos,0,sim,não,não
MS,60,animais_de_fazenda,3,sim,não,não
MS,60,porcos,2,sim,não,não
MS,60,coelhos,0,sim,não,não
MS,60,ovelhas,0,sim,não,não
MT,900,outras_especies,517,sim,não,não
MT,900,gatos,2,sim,não,não
MT,900,caes,0,sim,não,não
MT,900,cavia_p,344,sim,não,não
MT,900,hamsters,0,sim,não,não
MT,900,primatas_nao_humanos,0,sim,não,não
MT,900,animais_de_fazenda,37,sim,não,não
MT,900,porcos,0,sim,não,não
MT,900,coelhos,0,sim,não,não
MT,900,ovelhas,0,sim,não,não
NC,12592,outras_especies,1015,sim,não,não
NC,12592,gatos,242,sim,não,não
NC,12592,caes,581,sim,não,não
NC,12592,cavia_p,7673,sim,não,não
NC,12592,hamsters,56,sim,não,não
NC,12592,primatas_nao_humanos,72,sim,não,não
NC,12592,animais_de_fazenda,124,sim,não,não
NC,12592,porcos,431,sim,não,não
NC,12592,coelhos,2329,sim,não,não
NC,12592,ovelhas,69,sim,não,não
ND,658,outras_especies,5,sim,não,não
ND,658,gatos,183,sim,não,não
ND,658,caes,169,sim,não,não
ND,658,cavia_p,10,sim,não,não
ND,658,hamsters,0,sim,não,não
ND,658,primatas_nao_humanos,0,sim,não,não
ND,658,animais_de_fazenda,198,sim,não,não
ND,658,porcos,24,sim,não,não
ND,658,coelhos,29,sim,não,não
ND,658,ovelhas,40,sim,não,não
NE,1063,outras_especies,615,sim,não,não
NE,1063,gatos,0,sim,não,não
NE,1063,caes,11,sim,não,não
NE,1063,cavia_p,12,sim,não,não
NE,1063,hamsters,351,sim,não,não
NE,1063,primatas_nao_humanos,51,sim,não,não
NE,1063,animais_de_fazenda,4,sim,não,não
NE,1063,porcos,1,sim,não,não
NE,1063,coelhos,18,sim,não,não
NE,1063,ovelhas,0,sim,não,não
NH,1079,outras_especies,917,sim,não,não
NH,1079,gatos,0,sim,não,não
NH,1079,caes,0,sim,não,não
NH,1079,cavia_p,0,sim,não,não
NH,1079,hamsters,78,sim,não,não
NH,1079,primatas_nao_humanos,0,sim,não,não
NH,1079,animais_de_fazenda,84,sim,não,não
NH,1079,porcos,0,sim,não,não
NH,1079,coelhos,0,sim,não,não
NH,1079,ovelhas,0,sim,não,não
NJ,46500,outras_especies,1022,sim,não,não
NJ,46500,gatos,656,sim,não,não
NJ,46500,caes,3592,sim,não,não
NJ,46500,cavia_p,8703,sim,não,não
NJ,46500,hamsters,26886,sim,não,não
NJ,46500,primatas_nao_humanos,2093,sim,não,não
NJ,46500,animais_de_fazenda,77,sim,não,não
NJ,46500,porcos,109,sim,não,não
NJ,46500,coelhos,3362,sim,não,não
NJ,46500,ovelhas,0,sim,não,não
NM,2715,outras_especies,2048,sim,não,não
NM,2715,gatos,15,sim,não,não
NM,2715,caes,406,sim,não,não
NM,2715,cavia_p,0,sim,não,não
NM,2715,hamsters,0,sim,não,não
NM,2715,primatas_nao_humanos,138,sim,não,não
NM,2715,animais_de_fazenda,0,sim,não,não
NM,2715,porcos,100,sim,não,não
NM,2715,coelhos,8,sim,não,não
NM,2715,ovelhas,0,sim,não,não
NV,337,outras_especies,6,sim,não,não
NV,337,gatos,29,sim,não,não
NV,337,caes,53,sim,não,não
NV,337,cavia_p,105,sim,não,não
NV,337,hamsters,0,sim,não,não
NV,337,primatas_nao_humanos,0,sim,não,não
NV,337,animais_de_fazenda,137,sim,não,não
NV,337,porcos,0,sim,não,não
NV,337,coelhos,7,sim,não,não
NV,337,ovelhas,0,sim,não,não
NY,14339,outras_especies,9412,sim,não,não
NY,14339,gatos,441,sim,não,não
NY,14339,caes,866,sim,não,não
NY,14339,cavia_p,1160,sim,não,não
NY,14339,hamsters,186,sim,não,não
NY,14339,primatas_nao_humanos,1138,sim,não,não
NY,14339,animais_de_fazenda,374,sim,não,não
NY,14339,porcos,1,sim,não,não
NY,14339,coelhos,757,sim,não,não
NY,14339,ovelhas,4,sim,não,não
OH,47358,outras_especies,914,sim,não,não
OH,47358,gatos,1073,sim,não,não
OH,47358,caes,3730,sim,não,não
OH,47358,cavia_p,31730,sim,não,não
OH,47358,hamsters,57,sim,não,não
OH,47358,primatas_nao_humanos,1581,sim,não,não
OH,47358,animais_de_fazenda,45,sim,não,não
OH,47358,porcos,180,sim,não,não
OH,47358,coelhos,8046,sim,não,não
OH,47358,ovelhas,2,sim,não,não
OK,3319,outras_especies,68,sim,não,não
OK,3319,gatos,149,sim,não,não
OK,3319,caes,346,sim,não,não
OK,3319,cavia_p,2034,sim,não,não
OK,3319,hamsters,8,sim,não,não
OK,3319,primatas_nao_humanos,0,sim,não,não
OK,3319,animais_de_fazenda,674,sim,não,não
OK,3319,porcos,18,sim,não,não
OK,3319,coelhos,18,sim,não,não
OK,3319,ovelhas,4,sim,não,não
OR,1192,outras_especies,932,sim,não,não
OR,1192,gatos,21,sim,não,não
OR,1192,caes,17,sim,não,não
OR,1192,cavia_p,24,sim,não,não
OR,1192,hamsters,0,sim,não,não
OR,1192,primatas_nao_humanos,30,sim,não,não
OR,1192,animais_de_fazenda,101,sim,não,não
OR,1192,porcos,12,sim,não,não
OR,1192,coelhos,0,sim,não,não
OR,1192,ovelhas,55,sim,não,não
PA,17902,outras_especies,2699,sim,não,não
PA,17902,gatos,905,sim,não,não
PA,17902,caes,1980,sim,não,não
PA,17902,cavia_p,889,sim,não,não
PA,17902,hamsters,509,sim,não,não
PA,17902,primatas_nao_humanos,329,sim,não,não
PA,17902,animais_de_fazenda,611,sim,não,não
PA,17902,porcos,520,sim,não,não
PA,17902,coelhos,8719,sim,não,não
PA,17902,ovelhas,741,sim,não,não
PR,4596,outras_especies,0,sim,não,não
PR,4596,gatos,0,sim,não,não
PR,4596,caes,0,sim,não,não
PR,4596,cavia_p,0,sim,não,não
PR,4596,hamsters,0,sim,não,não
PR,4596,primatas_nao_humanos,4596,sim,não,não
PR,4596,animais_de_fazenda,0,sim,não,não
PR,4596,porcos,0,sim,não,não
PR,4596,coelhos,0,sim,não,não
PR,4596,ovelhas,0,sim,não,não
RI,113,outras_especies,36,sim,não,não
RI,113,gatos,50,sim,não,não
RI,113,caes,20,sim,não,não
RI,113,cavia_p,0,sim,não,não
RI,113,hamsters,0,sim,não,não
RI,113,primatas_nao_humanos,6,sim,não,não
RI,113,animais_de_fazenda,0,sim,não,não
RI,113,porcos,1,sim,não,não
RI,113,coelhos,0,sim,não,não
RI,113,ovelhas,0,sim,não,não
SC,2737,outras_especies,2329,sim,não,não
SC,2737,gatos,33,sim,não,não
SC,2737,caes,72,sim,não,não
SC,2737,cavia_p,117,sim,não,não
SC,2737,hamsters,21,sim,não,não
SC,2737,primatas_nao_humanos,54,sim,não,não
SC,2737,animais_de_fazenda,12,sim,não,não
SC,2737,porcos,34,sim,não,não
SC,2737,coelhos,65,sim,não,não
SC,2737,ovelhas,0,sim,não,não
SD,545,outras_especies,449,sim,não,não
SD,545,gatos,11,sim,não,não
SD,545,caes,8,sim,não,não
SD,545,cavia_p,25,sim,não,não
SD,545,hamsters,2,sim,não,não
SD,545,primatas_nao_humanos,0,sim,não,não
SD,545,animais_de_fazenda,41,sim,não,não
SD,545,porcos,0,sim,não,não
SD,545,coelhos,4,sim,não,não
SD,545,ovelhas,5,sim,não,não
TN,1516,outras_especies,225,sim,não,não
TN,1516,gatos,229,sim,não,não
TN,1516,caes,535,sim,não,não
TN,1516,cavia_p,0,sim,não,não
TN,1516,hamsters,318,sim,não,não
TN,1516,primatas_nao_humanos,11,sim,não,não
TN,1516,animais_de_fazenda,51,sim,não,não
TN,1516,porcos,3,sim,não,não
TN,1516,coelhos,62,sim,não,não
TN,1516,ovelhas,82,sim,não,não
TX,23275,outras_especies,10300,sim,não,não
TX,23275,gatos,534,sim,não,não
TX,23275,caes,1172,sim,não,não
TX,23275,cavia_p,2055,sim,não,não
TX,23275,hamsters,628,sim,não,não
TX,23275,primatas_nao_humanos,2920,sim,não,não
TX,23275,animais_de_fazenda,1119,sim,não,não
TX,23275,porcos,194,sim,não,não
TX,23275,coelhos,4286,sim,não,não
TX,23275,ovelhas,67,sim,não,não
UT,1577,outras_especies,128,sim,não,não
UT,1577,gatos,142,sim,não,não
UT,1577,caes,231,sim,não,não
UT,1577,cavia_p,6,sim,não,não
UT,1577,hamsters,682,sim,não,não
UT,1577,primatas_nao_humanos,0,sim,não,não
UT,1577,animais_de_fazenda,120,sim,não,não
UT,1577,porcos,9,sim,não,não
UT,1577,coelhos,191,sim,não,não
UT,1577,ovelhas,68,sim,não,não
VA,7434,outras_especies,6290,sim,não,não
VA,7434,gatos,0,sim,não,não
VA,7434,caes,1,sim,não,não
VA,7434,cavia_p,350,sim,não,não
VA,7434,hamsters,74,sim,não,não
VA,7434,primatas_nao_humanos,8,sim,não,não
VA,7434,animais_de_fazenda,60,sim,não,não
VA,7434,porcos,453,sim,não,não
VA,7434,coelhos,93,sim,não,não
VA,7434,ovelhas,105,sim,não,não
VT,409,outras_especies,50,sim,não,não
VT,409,gatos,0,sim,não,não
VT,409,caes,0,sim,não,não
VT,409,cavia_p,63,sim,não,não
VT,409,hamsters,0,sim,não,não
VT,409,primatas_nao_humanos,0,sim,não,não
VT,409,animais_de_fazenda,11,sim,não,não
VT,409,porcos,0,sim,não,não
VT,409,coelhos,4,sim,não,não
VT,409,ovelhas,281,sim,não,não
WA,23037,outras_especies,16781,sim,não,não
WA,23037,gatos,107,sim,não,não
WA,23037,caes,264,sim,não,não
WA,23037,cavia_p,2699,sim,não,não
WA,23037,hamsters,6,sim,não,não
WA,23037,primatas_nao_humanos,2563,sim,não,não
WA,23037,animais_de_fazenda,105,sim,não,não
WA,23037,porcos,6,sim,não,não
WA,23037,coelhos,489,sim,não,não
WA,23037,ovelhas,17,sim,não,não
WI,25173,outras_especies,1653,sim,não,não
WI,25173,gatos,151,sim,não,não
WI,25173,caes,3024,sim,não,não
WI,25173,cavia_p,1240,sim,não,não
WI,25173,hamsters,697,sim,não,não
WI,25173,primatas_nao_humanos,6376,sim,não,não
WI,25173,animais_de_fazenda,10,sim,não,não
WI,25173,porcos,525,sim,não,não
WI,25173,coelhos,11435,sim,não,não
WI,25173,ovelhas,62,sim,não,não
WV,174,outras_especies,119,sim,não,não
WV,174,gatos,10,sim,não,não
WV,174,caes,18,sim,não,não
WV,174,cavia_p,3,sim,não,não
WV,174,hamsters,6,sim,não,não
WV,174,primatas_nao_humanos,0,sim,não,não
WV,174,animais_de_fazenda,10,sim,não,não
WV,174,porcos,0,sim,não,não
WV,174,coelhos,2,sim,não,não
WV,174,ovelhas,6,sim,não,não
WY,189,outras_especies,58,sim,não,não
WY,189,gatos,25,sim,não,não
WY,189,caes,37,sim,não,não
WY,189,cavia_p,2,sim,não,não
WY,189,hamsters,4,sim,não,não
WY,189,primatas_nao_humanos,0,sim,não,não
WY,189,animais_de_fazenda,11,sim,não,não
WY,189,porcos,2,sim,não,não
WY,189,coelhos,4,sim,não,não
WY,189,ovelhas,46,sim,não,não
AK,211,outras_especies,211,sim,sim,sim
AK,211,gatos,0,sim,sim,sim
AK,211,caes,0,sim,sim,sim
AK,211,cavia_p,0,sim,sim,sim
AK,211,hamsters,0,sim,sim,sim
AK,211,primatas_nao_humanos,0,sim,sim,sim
AK,211,animais_de_fazenda,0,sim,sim,sim
AK,211,porcos,0,sim,sim,sim
AK,211,coelhos,0,sim,sim,sim
AK,211,ovelhas,0,sim,sim,sim
AL,1951,outras_especies,377,sim,sim,sim
AL,1951,gatos,177,sim,sim,sim
AL,1951,caes,438,sim,sim,sim
AL,1951,cavia_p,0,sim,sim,sim
AL,1951,hamsters,175,sim,sim,sim
AL,1951,primatas_nao_humanos,76,sim,sim,sim
AL,1951,animais_de_fazenda,0,sim,sim,sim
AL,1951,porcos,304,sim,sim,sim
AL,1951,coelhos,376,sim,sim,sim
AL,1951,ovelhas,28,sim,sim,sim
AR,2171,outras_especies,41,sim,sim,sim
AR,2171,gatos,6,sim,sim,sim
AR,2171,caes,73,sim,sim,sim
AR,2171,cavia_p,0,sim,sim,sim
AR,2171,hamsters,0,sim,sim,sim
AR,2171,primatas_nao_humanos,14,sim,sim,sim
AR,2171,animais_de_fazenda,2,sim,sim,sim
AR,2171,porcos,1991,sim,sim,sim
AR,2171,coelhos,44,sim,sim,sim
AR,2171,ovelhas,0,sim,sim,sim
AZ,1146,outras_especies,42,sim,sim,sim
AZ,1146,gatos,164,sim,sim,sim
AZ,1146,caes,288,sim,sim,sim
AZ,1146,cavia_p,19,sim,sim,sim
AZ,1146,hamsters,35,sim,sim,sim
AZ,1146,primatas_nao_humanos,29,sim,sim,sim
AZ,1146,animais_de_fazenda,58,sim,sim,sim
AZ,1146,porcos,269,sim,sim,sim
AZ,1146,coelhos,74,sim,sim,sim
AZ,1146,ovelhas,168,sim,sim,sim
CA,28013,outras_especies,6036,sim,sim,sim
CA,28013,gatos,328,sim,sim,sim
CA,28013,caes,1172,sim,sim,sim
CA,28013,cavia_p,2895,sim,sim,sim
CA,28013,hamsters,1204,sim,sim,sim
CA,28013,primatas_nao_humanos,2092,sim,sim,sim
CA,28013,animais_de_fazenda,83,sim,sim,sim
CA,28013,porcos,5932,sim,sim,sim
CA,28013,coelhos,7230,sim,sim,sim
CA,28013,ovelhas,1041,sim,sim,sim
CO,2709,outras_especies,350,sim,sim,sim
CO,2709,gatos,102,sim,sim,sim
CO,2709,caes,232,sim,sim,sim
CO,2709,cavia_p,660,sim,sim,sim
CO,2709,hamsters,96,sim,sim,sim
CO,2709,primatas_nao_humanos,0,sim,sim,sim
CO,2709,animais_de_fazenda,180,sim,sim,sim
CO,2709,porcos,331,sim,sim,sim
CO,2709,coelhos,455,sim,sim,sim
CO,2709,ovelhas,303,sim,sim,sim
CT,1238,outras_especies,743,sim,sim,sim
CT,1238,gatos,0,sim,sim,sim
CT,1238,caes,79,sim,sim,sim
CT,1238,cavia_p,38,sim,sim,sim
CT,1238,hamsters,10,sim,sim,sim
CT,1238,primatas_nao_humanos,110,sim,sim,sim
CT,1238,animais_de_fazenda,0,sim,sim,sim
CT,1238,porcos,199,sim,sim,sim
CT,1238,coelhos,58,sim,sim,sim
CT,1238,ovelhas,1,sim,sim,sim
DC,4308,outras_especies,3567,sim,sim,sim
DC,4308,gatos,7,sim,sim,sim
DC,4308,caes,13,sim,sim,sim
DC,4308,cavia_p,24,sim,sim,sim
DC,4308,hamsters,54,sim,sim,sim
DC,4308,primatas_nao_humanos,73,sim,sim,sim
DC,4308,animais_de_fazenda,0,sim,sim,sim
DC,4308,porcos,305,sim,sim,sim
DC,4308,coelhos,265,sim,sim,sim
DC,4308,ovelhas,0,sim,sim,sim
DE,1082,outras_especies,3,sim,sim,sim
DE,1082,gatos,9,sim,sim,sim
DE,1082,caes,13,sim,sim,sim
DE,1082,cavia_p,36,sim,sim,sim
DE,1082,hamsters,0,sim,sim,sim
DE,1082,primatas_nao_humanos,0,sim,sim,sim
DE,1082,animais_de_fazenda,11,sim,sim,sim
DE,1082,porcos,0,sim,sim,sim
DE,1082,coelhos,1010,sim,sim,sim
DE,1082,ovelhas,0,sim,sim,sim
FL,4238,outras_especies,1619,sim,sim,sim
FL,4238,gatos,349,sim,sim,sim
FL,4238,caes,469,sim,sim,sim
FL,4238,cavia_p,168,sim,sim,sim
FL,4238,hamsters,89,sim,sim,sim
FL,4238,primatas_nao_humanos,160,sim,sim,sim
FL,4238,animais_de_fazenda,5,sim,sim,sim
FL,4238,porcos,1110,sim,sim,sim
FL,4238,coelhos,149,sim,sim,sim
FL,4238,ovelhas,120,sim,sim,sim
GA,7046,outras_especies,1998,sim,sim,sim
GA,7046,gatos,233,sim,sim,sim
GA,7046,caes,169,sim,sim,sim
GA,7046,cavia_p,681,sim,sim,sim
GA,7046,hamsters,786,sim,sim,sim
GA,7046,primatas_nao_humanos,2051,sim,sim,sim
GA,7046,animais_de_fazenda,25,sim,sim,sim
GA,7046,porcos,656,sim,sim,sim
GA,7046,coelhos,377,sim,sim,sim
GA,7046,ovelhas,70,sim,sim,sim
HI,113,outras_especies,0,sim,sim,sim
HI,113,gatos,53,sim,sim,sim
HI,113,caes,49,sim,sim,sim
HI,113,cavia_p,0,sim,sim,sim
HI,113,hamsters,0,sim,sim,sim
HI,113,primatas_nao_humanos,0,sim,sim,sim
HI,113,animais_de_fazenda,0,sim,sim,sim
HI,113,porcos,11,sim,sim,sim
HI,113,coelhos,0,sim,sim,sim
HI,113,ovelhas,0,sim,sim,sim
IA,3019,outras_especies,149,sim,sim,sim
IA,3019,gatos,141,sim,sim,sim
IA,3019,caes,265,sim,sim,sim
IA,3019,cavia_p,204,sim,sim,sim
IA,3019,hamsters,287,sim,sim,sim
IA,3019,primatas_nao_humanos,0,sim,sim,sim
IA,3019,animais_de_fazenda,108,sim,sim,sim
IA,3019,porcos,820,sim,sim,sim
IA,3019,coelhos,978,sim,sim,sim
IA,3019,ovelhas,67,sim,sim,sim
ID,196,outras_especies,114,sim,sim,sim
ID,196,gatos,31,sim,sim,sim
ID,196,caes,40,sim,sim,sim
ID,196,cavia_p,5,sim,sim,sim
ID,196,hamsters,0,sim,sim,sim
ID,196,primatas_nao_humanos,0,sim,sim,sim
ID,196,animais_de_fazenda,5,sim,sim,sim
ID,196,porcos,0,sim,sim,sim
ID,196,coelhos,1,sim,sim,sim
ID,196,ovelhas,0,sim,sim,sim
IL,4974,outras_especies,304,sim,sim,sim
IL,4974,gatos,261,sim,sim,sim
IL,4974,caes,543,sim,sim,sim
IL,4974,cavia_p,329,sim,sim,sim
IL,4974,hamsters,1405,sim,sim,sim
IL,4974,primatas_nao_humanos,292,sim,sim,sim
IL,4974,animais_de_fazenda,88,sim,sim,sim
IL,4974,porcos,906,sim,sim,sim
IL,4974,coelhos,790,sim,sim,sim
IL,4974,ovelhas,56,sim,sim,sim
IN,2795,outras_especies,1426,sim,sim,sim
IN,2795,gatos,116,sim,sim,sim
IN,2795,caes,217,sim,sim,sim
IN,2795,cavia_p,94,sim,sim,sim
IN,2795,hamsters,82,sim,sim,sim
IN,2795,primatas_nao_humanos,30,sim,sim,sim
IN,2795,animais_de_fazenda,56,sim,sim,sim
IN,2795,porcos,496,sim,sim,sim
IN,2795,coelhos,88,sim,sim,sim
IN,2795,ovelhas,190,sim,sim,sim
KS,1582,outras_especies,185,sim,sim,sim
KS,1582,gatos,44,sim,sim,sim
KS,1582,caes,129,sim,sim,sim
KS,1582,cavia_p,943,sim,sim,sim
KS,1582,hamsters,20,sim,sim,sim
KS,1582,primatas_nao_humanos,64,sim,sim,sim
KS,1582,animais_de_fazenda,32,sim,sim,sim
KS,1582,porcos,126,sim,sim,sim
KS,1582,coelhos,39,sim,sim,sim
KS,1582,ovelhas,0,sim,sim,sim
KY,1258,outras_especies,239,sim,sim,sim
KY,1258,gatos,165,sim,sim,sim
KY,1258,caes,263,sim,sim,sim
KY,1258,cavia_p,51,sim,sim,sim
KY,1258,hamsters,0,sim,sim,sim
KY,1258,primatas_nao_humanos,97,sim,sim,sim
KY,1258,animais_de_fazenda,49,sim,sim,sim
KY,1258,porcos,146,sim,sim,sim
KY,1258,coelhos,197,sim,sim,sim
KY,1258,ovelhas,51,sim,sim,sim
LA,2160,outras_especies,129,sim,sim,sim
LA,2160,gatos,72,sim,sim,sim
LA,2160,caes,433,sim,sim,sim
LA,2160,cavia_p,39,sim,sim,sim
LA,2160,hamsters,0,sim,sim,sim
LA,2160,primatas_nao_humanos,1105,sim,sim,sim
LA,2160,animais_de_fazenda,199,sim,sim,sim
LA,2160,porcos,102,sim,sim,sim
LA,2160,coelhos,81,sim,sim,sim
LA,2160,ovelhas,0,sim,sim,sim
MA,17157,outras_especies,1549,sim,sim,sim
MA,17157,gatos,49,sim,sim,sim
MA,17157,caes,590,sim,sim,sim
MA,17157,cavia_p,5025,sim,sim,sim
MA,17157,hamsters,714,sim,sim,sim
MA,17157,primatas_nao_humanos,1688,sim,sim,sim
MA,17157,animais_de_fazenda,295,sim,sim,sim
MA,17157,porcos,2004,sim,sim,sim
MA,17157,coelhos,4960,sim,sim,sim
MA,17157,ovelhas,283,sim,sim,sim
MD,20123,outras_especies,5189,sim,sim,sim
MD,20123,gatos,29,sim,sim,sim
MD,20123,caes,216,sim,sim,sim
MD,20123,cavia_p,3981,sim,sim,sim
MD,20123,hamsters,2825,sim,sim,sim
MD,20123,primatas_nao_humanos,4189,sim,sim,sim
MD,20123,animais_de_fazenda,26,sim,sim,sim
MD,20123,porcos,1452,sim,sim,sim
MD,20123,coelhos,2182,sim,sim,sim
MD,20123,ovelhas,34,sim,sim,sim
ME,1,outras_especies,0,sim,sim,sim
ME,1,gatos,0,sim,sim,sim
ME,1,caes,0,sim,sim,sim
ME,1,cavia_p,0,sim,sim,sim
ME,1,hamsters,0,sim,sim,sim
ME,1,primatas_nao_humanos,0,sim,sim,sim
ME,1,animais_de_fazenda,1,sim,sim,sim
ME,1,porcos,0,sim,sim,sim
ME,1,coelhos,0,sim,sim,sim
ME,1,ovelhas,0,sim,sim,sim
MI,6951,outras_especies,302,sim,sim,sim
MI,6951,gatos,148,sim,sim,sim
MI,6951,caes,1376,sim,sim,sim
MI,6951,cavia_p,324,sim,sim,sim
MI,6951,hamsters,74,sim,sim,sim
MI,6951,primatas_nao_humanos,1876,sim,sim,sim
MI,6951,animais_de_fazenda,2,sim,sim,sim
MI,6951,porcos,1019,sim,sim,sim
MI,6951,coelhos,1633,sim,sim,sim
MI,6951,ovelhas,197,sim,sim,sim
MN,8039,outras_especies,266,sim,sim,sim
MN,8039,gatos,130,sim,sim,sim
MN,8039,caes,988,sim,sim,sim
MN,8039,cavia_p,381,sim,sim,sim
MN,8039,hamsters,408,sim,sim,sim
MN,8039,primatas_nao_humanos,107,sim,sim,sim
MN,8039,animais_de_fazenda,164,sim,sim,sim
MN,8039,porcos,3424,sim,sim,sim
MN,8039,coelhos,1446,sim,sim,sim
MN,8039,ovelhas,725,sim,sim,sim
MO,15398,outras_especies,419,sim,sim,sim
MO,15398,gatos,183,sim,sim,sim
MO,15398,caes,684,sim,sim,sim
MO,15398,cavia_p,7729,sim,sim,sim
MO,15398,hamsters,1503,sim,sim,sim
MO,15398,primatas_nao_humanos,138,sim,sim,sim
MO,15398,animais_de_fazenda,39,sim,sim,sim
MO,15398,porcos,1723,sim,sim,sim
MO,15398,coelhos,2871,sim,sim,sim
MO,15398,ovelhas,109,sim,sim,sim
MS,806,outras_especies,122,sim,sim,sim
MS,806,gatos,12,sim,sim,sim
MS,806,caes,47,sim,sim,sim
MS,806,cavia_p,41,sim,sim,sim
MS,806,hamsters,7,sim,sim,sim
MS,806,primatas_nao_humanos,113,sim,sim,sim
MS,806,animais_de_fazenda,51,sim,sim,sim
MS,806,porcos,302,sim,sim,sim
MS,806,coelhos,107,sim,sim,sim
MS,806,ovelhas,4,sim,sim,sim
MT,66,outras_especies,0,sim,sim,sim
MT,66,gatos,0,sim,sim,sim
MT,66,caes,0,sim,sim,sim
MT,66,cavia_p,0,sim,sim,sim
MT,66,hamsters,0,sim,sim,sim
MT,66,primatas_nao_humanos,17,sim,sim,sim
MT,66,animais_de_fazenda,49,sim,sim,sim
MT,66,porcos,0,sim,sim,sim
MT,66,coelhos,0,sim,sim,sim
MT,66,ovelhas,0,sim,sim,sim
NC,13807,outras_especies,1254,sim,sim,sim
NC,13807,gatos,753,sim,sim,sim
NC,13807,caes,1077,sim,sim,sim
NC,13807,cavia_p,346,sim,sim,sim
NC,13807,hamsters,626,sim,sim,sim
NC,13807,primatas_nao_humanos,1216,sim,sim,sim
NC,13807,animais_de_fazenda,5237,sim,sim,sim
NC,13807,porcos,1728,sim,sim,sim
NC,13807,coelhos,1384,sim,sim,sim
NC,13807,ovelhas,186,sim,sim,sim
ND,127,outras_especies,0,sim,sim,sim
ND,127,gatos,56,sim,sim,sim
ND,127,caes,34,sim,sim,sim
ND,127,cavia_p,0,sim,sim,sim
ND,127,hamsters,0,sim,sim,sim
ND,127,primatas_nao_humanos,0,sim,sim,sim
ND,127,animais_de_fazenda,19,sim,sim,sim
ND,127,porcos,18,sim,sim,sim
ND,127,coelhos,0,sim,sim,sim
ND,127,ovelhas,0,sim,sim,sim
NE,613,outras_especies,0,sim,sim,sim
NE,613,gatos,59,sim,sim,sim
NE,613,caes,57,sim,sim,sim
NE,613,cavia_p,15,sim,sim,sim
NE,613,hamsters,219,sim,sim,sim
NE,613,primatas_nao_humanos,55,sim,sim,sim
NE,613,animais_de_fazenda,0,sim,sim,sim
NE,613,porcos,142,sim,sim,sim
NE,613,coelhos,66,sim,sim,sim
NE,613,ovelhas,0,sim,sim,sim
NH,282,outras_especies,215,sim,sim,sim
NH,282,gatos,3,sim,sim,sim
NH,282,caes,0,sim,sim,sim
NH,282,cavia_p,0,sim,sim,sim
NH,282,hamsters,0,sim,sim,sim
NH,282,primatas_nao_humanos,4,sim,sim,sim
NH,282,animais_de_fazenda,0,sim,sim,sim
NH,282,porcos,45,sim,sim,sim
NH,282,coelhos,11,sim,sim,sim
NH,282,ovelhas,4,sim,sim,sim
NJ,15120,outras_especies,892,sim,sim,sim
NJ,15120,gatos,188,sim,sim,sim
NJ,15120,caes,1069,sim,sim,sim
NJ,15120,cavia_p,2249,sim,sim,sim
NJ,15120,hamsters,3158,sim,sim,sim
NJ,15120,primatas_nao_humanos,982,sim,sim,sim
NJ,15120,animais_de_fazenda,6,sim,sim,sim
NJ,15120,porcos,407,sim,sim,sim
NJ,15120,coelhos,6126,sim,sim,sim
NJ,15120,ovelhas,43,sim,sim,sim
NM,868,outras_especies,148,sim,sim,sim
NM,868,gatos,2,sim,sim,sim
NM,868,caes,31,sim,sim,sim
NM,868,cavia_p,8,sim,sim,sim
NM,868,hamsters,103,sim,sim,sim
NM,868,primatas_nao_humanos,368,sim,sim,sim
NM,868,animais_de_fazenda,0,sim,sim,sim
NM,868,porcos,178,sim,sim,sim
NM,868,coelhos,30,sim,sim,sim
NM,868,ovelhas,0,sim,sim,sim
NV,746,outras_especies,104,sim,sim,sim
NV,746,gatos,45,sim,sim,sim
NV,746,caes,375,sim,sim,sim
NV,746,cavia_p,0,sim,sim,sim
NV,746,hamsters,0,sim,sim,sim
NV,746,primatas_nao_humanos,0,sim,sim,sim
NV,746,animais_de_fazenda,113,sim,sim,sim
NV,746,porcos,99,sim,sim,sim
NV,746,coelhos,10,sim,sim,sim
NV,746,ovelhas,0,sim,sim,sim
NY,7472,outras_especies,1975,sim,sim,sim
NY,7472,gatos,259,sim,sim,sim
NY,7472,caes,644,sim,sim,sim
NY,7472,cavia_p,438,sim,sim,sim
NY,7472,hamsters,592,sim,sim,sim
NY,7472,primatas_nao_humanos,585,sim,sim,sim
NY,7472,animais_de_fazenda,177,sim,sim,sim
NY,7472,porcos,1206,sim,sim,sim
NY,7472,coelhos,1398,sim,sim,sim
NY,7472,ovelhas,198,sim,sim,sim
OH,11469,outras_especies,2422,sim,sim,sim
OH,11469,gatos,521,sim,sim,sim
OH,11469,caes,1242,sim,sim,sim
OH,11469,cavia_p,1301,sim,sim,sim
OH,11469,hamsters,735,sim,sim,sim
OH,11469,primatas_nao_humanos,200,sim,sim,sim
OH,11469,animais_de_fazenda,187,sim,sim,sim
OH,11469,porcos,2203,sim,sim,sim
OH,11469,coelhos,2428,sim,sim,sim
OH,11469,ovelhas,230,sim,sim,sim
OK,974,outras_especies,143,sim,sim,sim
OK,974,gatos,52,sim,sim,sim
OK,974,caes,205,sim,sim,sim
OK,974,cavia_p,96,sim,sim,sim
OK,974,hamsters,0,sim,sim,sim
OK,974,primatas_nao_humanos,133,sim,sim,sim
OK,974,animais_de_fazenda,136,sim,sim,sim
OK,974,porcos,18,sim,sim,sim
OK,974,coelhos,124,sim,sim,sim
OK,974,ovelhas,67,sim,sim,sim
OR,3262,outras_especies,51,sim,sim,sim
OR,3262,gatos,37,sim,sim,sim
OR,3262,caes,73,sim,sim,sim
OR,3262,cavia_p,353,sim,sim,sim
OR,3262,hamsters,42,sim,sim,sim
OR,3262,primatas_nao_humanos,2101,sim,sim,sim
OR,3262,animais_de_fazenda,38,sim,sim,sim
OR,3262,porcos,179,sim,sim,sim
OR,3262,coelhos,211,sim,sim,sim
OR,3262,ovelhas,177,sim,sim,sim
PA,10650,outras_especies,565,sim,sim,sim
PA,10650,gatos,494,sim,sim,sim
PA,10650,caes,1089,sim,sim,sim
PA,10650,cavia_p,606,sim,sim,sim
PA,10650,hamsters,308,sim,sim,sim
PA,10650,primatas_nao_humanos,918,sim,sim,sim
PA,10650,animais_de_fazenda,148,sim,sim,sim
PA,10650,porcos,937,sim,sim,sim
PA,10650,coelhos,5216,sim,sim,sim
PA,10650,ovelhas,369,sim,sim,sim
PR,244,outras_especies,36,sim,sim,sim
PR,244,gatos,0,sim,sim,sim
PR,244,caes,0,sim,sim,sim
PR,244,cavia_p,0,sim,sim,sim
PR,244,hamsters,36,sim,sim,sim
PR,244,primatas_nao_humanos,132,sim,sim,sim
PR,244,animais_de_fazenda,0,sim,sim,sim
PR,244,porcos,22,sim,sim,sim
PR,244,coelhos,18,sim,sim,sim
PR,244,ovelhas,0,sim,sim,sim
RI,252,outras_especies,27,sim,sim,sim
RI,252,gatos,1,sim,sim,sim
RI,252,caes,5,sim,sim,sim
RI,252,cavia_p,1,sim,sim,sim
RI,252,hamsters,125,sim,sim,sim
RI,252,primatas_nao_humanos,32,sim,sim,sim
RI,252,animais_de_fazenda,0,sim,sim,sim
RI,252,porcos,56,sim,sim,sim
RI,252,coelhos,5,sim,sim,sim
RI,252,ovelhas,0,sim,sim,sim
SC,1060,outras_especies,5,sim,sim,sim
SC,1060,gatos,157,sim,sim,sim
SC,1060,caes,239,sim,sim,sim
SC,1060,cavia_p,24,sim,sim,sim
SC,1060,hamsters,0,sim,sim,sim
SC,1060,primatas_nao_humanos,312,sim,sim,sim
SC,1060,animais_de_fazenda,0,sim,sim,sim
SC,1060,porcos,208,sim,sim,sim
SC,1060,coelhos,115,sim,sim,sim
SC,1060,ovelhas,0,sim,sim,sim
SD,233,outras_especies,90,sim,sim,sim
SD,233,gatos,0,sim,sim,sim
SD,233,caes,0,sim,sim,sim
SD,233,cavia_p,0,sim,sim,sim
SD,233,hamsters,0,sim,sim,sim
SD,233,primatas_nao_humanos,0,sim,sim,sim
SD,233,animais_de_fazenda,16,sim,sim,sim
SD,233,porcos,27,sim,sim,sim
SD,233,coelhos,26,sim,sim,sim
SD,233,ovelhas,74,sim,sim,sim
TN,3292,outras_especies,676,sim,sim,sim
TN,3292,gatos,159,sim,sim,sim
TN,3292,caes,451,sim,sim,sim
TN,3292,cavia_p,28,sim,sim,sim
TN,3292,hamsters,324,sim,sim,sim
TN,3292,primatas_nao_humanos,284,sim,sim,sim
TN,3292,animais_de_fazenda,104,sim,sim,sim
TN,3292,porcos,1021,sim,sim,sim
TN,3292,coelhos,245,sim,sim,sim
TN,3292,ovelhas,0,sim,sim,sim
TX,15948,outras_especies,3206,sim,sim,sim
TX,15948,gatos,80,sim,sim,sim
TX,15948,caes,407,sim,sim,sim
TX,15948,cavia_p,194,sim,sim,sim
TX,15948,hamsters,1412,sim,sim,sim
TX,15948,primatas_nao_humanos,1818,sim,sim,sim
TX,15948,animais_de_fazenda,1184,sim,sim,sim
TX,15948,porcos,2407,sim,sim,sim
TX,15948,coelhos,4744,sim,sim,sim
TX,15948,ovelhas,496,sim,sim,sim
UT,1355,outras_especies,0,sim,sim,sim
UT,1355,gatos,4,sim,sim,sim
UT,1355,caes,80,sim,sim,sim
UT,1355,cavia_p,0,sim,sim,sim
UT,1355,hamsters,70,sim,sim,sim
UT,1355,primatas_nao_humanos,12,sim,sim,sim
UT,1355,animais_de_fazenda,44,sim,sim,sim
UT,1355,porcos,116,sim,sim,sim
UT,1355,coelhos,833,sim,sim,sim
UT,1355,ovelhas,196,sim,sim,sim
VA,2371,outras_especies,49,sim,sim,sim
VA,2371,gatos,77,sim,sim,sim
VA,2371,caes,176,sim,sim,sim
VA,2371,cavia_p,61,sim,sim,sim
VA,2371,hamsters,0,sim,sim,sim
VA,2371,primatas_nao_humanos,59,sim,sim,sim
VA,2371,animais_de_fazenda,110,sim,sim,sim
VA,2371,porcos,1521,sim,sim,sim
VA,2371,coelhos,251,sim,sim,sim
VA,2371,ovelhas,67,sim,sim,sim
VT,2097,outras_especies,21,sim,sim,sim
VT,2097,gatos,21,sim,sim,sim
VT,2097,caes,46,sim,sim,sim
VT,2097,cavia_p,0,sim,sim,sim
VT,2097,hamsters,0,sim,sim,sim
VT,2097,primatas_nao_humanos,0,sim,sim,sim
VT,2097,animais_de_fazenda,18,sim,sim,sim
VT,2097,porcos,13,sim,sim,sim
VT,2097,coelhos,4,sim,sim,sim
VT,2097,ovelhas,1974,sim,sim,sim
WA,4215,outras_especies,822,sim,sim,sim
WA,4215,gatos,50,sim,sim,sim
WA,4215,caes,494,sim,sim,sim
WA,4215,cavia_p,86,sim,sim,sim
WA,4215,hamsters,683,sim,sim,sim
WA,4215,primatas_nao_humanos,1070,sim,sim,sim
WA,4215,animais_de_fazenda,117,sim,sim,sim
WA,4215,porcos,588,sim,sim,sim
WA,4215,coelhos,291,sim,sim,sim
WA,4215,ovelhas,14,sim,sim,sim
WI,10276,outras_especies,1052,sim,sim,sim
WI,10276,gatos,255,sim,sim,sim
WI,10276,caes,1653,sim,sim,sim
WI,10276,cavia_p,975,sim,sim,sim
WI,10276,hamsters,684,sim,sim,sim
WI,10276,primatas_nao_humanos,2570,sim,sim,sim
WI,10276,animais_de_fazenda,45,sim,sim,sim
WI,10276,porcos,743,sim,sim,sim
WI,10276,coelhos,2199,sim,sim,sim
WI,10276,ovelhas,100,sim,sim,sim
WV,2354,outras_especies,1956,sim,sim,sim
WV,2354,gatos,54,sim,sim,sim
WV,2354,caes,87,sim,sim,sim
WV,2354,cavia_p,0,sim,sim,sim
WV,2354,hamsters,0,sim,sim,sim
WV,2354,primatas_nao_humanos,0,sim,sim,sim
WV,2354,animais_de_fazenda,0,sim,sim,sim
WV,2354,porcos,0,sim,sim,sim
WV,2354,coelhos,131,sim,sim,sim
WV,2354,ovelhas,126,sim,sim,sim
WY,44,outras_especies,12,sim,sim,sim
WY,44,gatos,0,sim,sim,sim
WY,44,caes,0,sim,sim,sim
WY,44,cavia_p,0,sim,sim,sim
WY,44,hamsters,0,sim,sim,sim
WY,44,primatas_nao_humanos,0,sim,sim,sim
WY,44,animais_de_fazenda,0,sim,sim,sim
WY,44,porcos,0,sim,sim,sim
WY,44,coelhos,0,sim,sim,sim
WY,44,ovelhas,32,sim,sim,sim
AK,0,outras_especies,0,sim,sim,não
AK,0,gatos,0,sim,sim,não
AK,0,caes,0,sim,sim,não
AK,0,cavia_p,0,sim,sim,não
AK,0,hamsters,0,sim,sim,não
AK,0,primatas_nao_humanos,0,sim,sim,não
AK,0,animais_de_fazenda,0,sim,sim,não
AK,0,porcos,0,sim,sim,não
AK,0,coelhos,0,sim,sim,não
AK,0,ovelhas,0,sim,sim,não
AL,346,outras_especies,60,sim,sim,não
AL,346,gatos,0,sim,sim,não
AL,346,caes,0,sim,sim,não
AL,346,cavia_p,0,sim,sim,não
AL,346,hamsters,12,sim,sim,não
AL,346,primatas_nao_humanos,0,sim,sim,não
AL,346,animais_de_fazenda,0,sim,sim,não
AL,346,porcos,0,sim,sim,não
AL,346,coelhos,274,sim,sim,não
AL,346,ovelhas,0,sim,sim,não
AR,0,outras_especies,0,sim,sim,não
AR,0,gatos,0,sim,sim,não
AR,0,caes,0,sim,sim,não
AR,0,cavia_p,0,sim,sim,não
AR,0,hamsters,0,sim,sim,não
AR,0,primatas_nao_humanos,0,sim,sim,não
AR,0,animais_de_fazenda,0,sim,sim,não
AR,0,porcos,0,sim,sim,não
AR,0,coelhos,0,sim,sim,não
AR,0,ovelhas,0,sim,sim,não
AZ,0,outras_especies,0,sim,sim,não
AZ,0,gatos,0,sim,sim,não
AZ,0,caes,0,sim,sim,não
AZ,0,cavia_p,0,sim,sim,não
AZ,0,hamsters,0,sim,sim,não
AZ,0,primatas_nao_humanos,0,sim,sim,não
AZ,0,animais_de_fazenda,0,sim,sim,não
AZ,0,porcos,0,sim,sim,não
AZ,0,coelhos,0,sim,sim,não
AZ,0,ovelhas,0,sim,sim,não
CA,2050,outras_especies,325,sim,sim,não
CA,2050,gatos,0,sim,sim,não
CA,2050,caes,0,sim,sim,não
CA,2050,cavia_p,558,sim,sim,não
CA,2050,hamsters,109,sim,sim,não
CA,2050,primatas_nao_humanos,0,sim,sim,não
CA,2050,animais_de_fazenda,0,sim,sim,não
CA,2050,porcos,0,sim,sim,não
CA,2050,coelhos,1058,sim,sim,não
CA,2050,ovelhas,0,sim,sim,não
CO,530,outras_especies,195,sim,sim,não
CO,530,gatos,0,sim,sim,não
CO,530,caes,0,sim,sim,não
CO,530,cavia_p,226,sim,sim,não
CO,530,hamsters,74,sim,sim,não
CO,530,primatas_nao_humanos,0,sim,sim,não
CO,530,animais_de_fazenda,0,sim,sim,não
CO,530,porcos,12,sim,sim,não
CO,530,coelhos,2,sim,sim,não
CO,530,ovelhas,21,sim,sim,não
CT,518,outras_especies,3,sim,sim,não
CT,518,gatos,0,sim,sim,não
CT,518,caes,10,sim,sim,não
CT,518,cavia_p,0,sim,sim,não
CT,518,hamsters,477,sim,sim,não
CT,518,primatas_nao_humanos,26,sim,sim,não
CT,518,animais_de_fazenda,0,sim,sim,não
CT,518,porcos,0,sim,sim,não
CT,518,coelhos,2,sim,sim,não
CT,518,ovelhas,0,sim,sim,não
DC,274,outras_especies,0,sim,sim,não
DC,274,gatos,0,sim,sim,não
DC,274,caes,0,sim,sim,não
DC,274,cavia_p,274,sim,sim,não
DC,274,hamsters,0,sim,sim,não
DC,274,primatas_nao_humanos,0,sim,sim,não
DC,274,animais_de_fazenda,0,sim,sim,não
DC,274,porcos,0,sim,sim,não
DC,274,coelhos,0,sim,sim,não
DC,274,ovelhas,0,sim,sim,não
DE,0,outras_especies,0,sim,sim,não
DE,0,gatos,0,sim,sim,não
DE,0,caes,0,sim,sim,não
DE,0,cavia_p,0,sim,sim,não
DE,0,hamsters,0,sim,sim,não
DE,0,primatas_nao_humanos,0,sim,sim,não
DE,0,animais_de_fazenda,0,sim,sim,não
DE,0,porcos,0,sim,sim,não
DE,0,coelhos,0,sim,sim,não
DE,0,ovelhas,0,sim,sim,não
FL,612,outras_especies,177,sim,sim,não
FL,612,gatos,0,sim,sim,não
FL,612,caes,6,sim,sim,não
FL,612,cavia_p,418,sim,sim,não
FL,612,hamsters,0,sim,sim,não
FL,612,primatas_nao_humanos,0,sim,sim,não
FL,612,animais_de_fazenda,0,sim,sim,não
FL,612,porcos,11,sim,sim,não
FL,612,coelhos,0,sim,sim,não
FL,612,ovelhas,0,sim,sim,não
GA,4790,outras_especies,174,sim,sim,não
GA,4790,gatos,4,sim,sim,não
GA,4790,caes,23,sim,sim,não
GA,4790,cavia_p,0,sim,sim,não
GA,4790,hamsters,1869,sim,sim,não
GA,4790,primatas_nao_humanos,0,sim,sim,não
GA,4790,animais_de_fazenda,0,sim,sim,não
GA,4790,porcos,0,sim,sim,não
GA,4790,coelhos,2720,sim,sim,não
GA,4790,ovelhas,0,sim,sim,não
HI,77,outras_especies,0,sim,sim,não
HI,77,gatos,0,sim,sim,não
HI,77,caes,0,sim,sim,não
HI,77,cavia_p,0,sim,sim,não
HI,77,hamsters,77,sim,sim,não
HI,77,primatas_nao_humanos,0,sim,sim,não
HI,77,animais_de_fazenda,0,sim,sim,não
HI,77,porcos,0,sim,sim,não
HI,77,coelhos,0,sim,sim,não
HI,77,ovelhas,0,sim,sim,não
IA,5087,outras_especies,0,sim,sim,não
IA,5087,gatos,0,sim,sim,não
IA,5087,caes,0,sim,sim,não
IA,5087,cavia_p,80,sim,sim,não
IA,5087,hamsters,4997,sim,sim,não
IA,5087,primatas_nao_humanos,0,sim,sim,não
IA,5087,animais_de_fazenda,0,sim,sim,não
IA,5087,porcos,0,sim,sim,não
IA,5087,coelhos,4,sim,sim,não
IA,5087,ovelhas,6,sim,sim,não
ID,0,outras_especies,0,sim,sim,não
ID,0,gatos,0,sim,sim,não
ID,0,caes,0,sim,sim,não
ID,0,cavia_p,0,sim,sim,não
ID,0,hamsters,0,sim,sim,não
ID,0,primatas_nao_humanos,0,sim,sim,não
ID,0,animais_de_fazenda,0,sim,sim,não
ID,0,porcos,0,sim,sim,não
ID,0,coelhos,0,sim,sim,não
ID,0,ovelhas,0,sim,sim,não
IL,717,outras_especies,384,sim,sim,não
IL,717,gatos,0,sim,sim,não
IL,717,caes,8,sim,sim,não
IL,717,cavia_p,3,sim,sim,não
IL,717,hamsters,45,sim,sim,não
IL,717,primatas_nao_humanos,19,sim,sim,não
IL,717,animais_de_fazenda,0,sim,sim,não
IL,717,porcos,255,sim,sim,não
IL,717,coelhos,3,sim,sim,não
IL,717,ovelhas,0,sim,sim,não
IN,3502,outras_especies,25,sim,sim,não
IN,3502,gatos,0,sim,sim,não
IN,3502,caes,0,sim,sim,não
IN,3502,cavia_p,84,sim,sim,não
IN,3502,hamsters,3393,sim,sim,não
IN,3502,primatas_nao_humanos,0,sim,sim,não
IN,3502,animais_de_fazenda,0,sim,sim,não
IN,3502,porcos,0,sim,sim,não
IN,3502,coelhos,0,sim,sim,não
IN,3502,ovelhas,0,sim,sim,não
KS,0,outras_especies,0,sim,sim,não
KS,0,gatos,0,sim,sim,não
KS,0,caes,0,sim,sim,não
KS,0,cavia_p,0,sim,sim,não
KS,0,hamsters,0,sim,sim,não
KS,0,primatas_nao_humanos,0,sim,sim,não
KS,0,animais_de_fazenda,0,sim,sim,não
KS,0,porcos,0,sim,sim,não
KS,0,coelhos,0,sim,sim,não
KS,0,ovelhas,0,sim,sim,não
KY,0,outras_especies,0,sim,sim,não
KY,0,gatos,0,sim,sim,não
KY,0,caes,0,sim,sim,não
KY,0,cavia_p,0,sim,sim,não
KY,0,hamsters,0,sim,sim,não
KY,0,primatas_nao_humanos,0,sim,sim,não
KY,0,animais_de_fazenda,0,sim,sim,não
KY,0,porcos,0,sim,sim,não
KY,0,coelhos,0,sim,sim,não
KY,0,ovelhas,0,sim,sim,não
LA,0,outras_especies,0,sim,sim,não
LA,0,gatos,0,sim,sim,não
LA,0,caes,0,sim,sim,não
LA,0,cavia_p,0,sim,sim,não
LA,0,hamsters,0,sim,sim,não
LA,0,primatas_nao_humanos,0,sim,sim,não
LA,0,animais_de_fazenda,0,sim,sim,não
LA,0,porcos,0,sim,sim,não
LA,0,coelhos,0,sim,sim,não
LA,0,ovelhas,0,sim,sim,não
MA,4375,outras_especies,185,sim,sim,não
MA,4375,gatos,0,sim,sim,não
MA,4375,caes,0,sim,sim,não
MA,4375,cavia_p,3611,sim,sim,não
MA,4375,hamsters,261,sim,sim,não
MA,4375,primatas_nao_humanos,50,sim,sim,não
MA,4375,animais_de_fazenda,0,sim,sim,não
MA,4375,porcos,146,sim,sim,não
MA,4375,coelhos,122,sim,sim,não
MA,4375,ovelhas,0,sim,sim,não
MD,3138,outras_especies,177,sim,sim,não
MD,3138,gatos,0,sim,sim,não
MD,3138,caes,9,sim,sim,não
MD,3138,cavia_p,1701,sim,sim,não
MD,3138,hamsters,414,sim,sim,não
MD,3138,primatas_nao_humanos,422,sim,sim,não
MD,3138,animais_de_fazenda,0,sim,sim,não
MD,3138,porcos,230,sim,sim,não
MD,3138,coelhos,185,sim,sim,não
MD,3138,ovelhas,0,sim,sim,não
ME,0,outras_especies,0,sim,sim,não
ME,0,gatos,0,sim,sim,não
ME,0,caes,0,sim,sim,não
ME,0,cavia_p,0,sim,sim,não
ME,0,hamsters,0,sim,sim,não
ME,0,primatas_nao_humanos,0,sim,sim,não
ME,0,animais_de_fazenda,0,sim,sim,não
ME,0,porcos,0,sim,sim,não
ME,0,coelhos,0,sim,sim,não
ME,0,ovelhas,0,sim,sim,não
MI,10752,outras_especies,12,sim,sim,não
MI,10752,gatos,2,sim,sim,não
MI,10752,caes,0,sim,sim,não
MI,10752,cavia_p,10673,sim,sim,não
MI,10752,hamsters,0,sim,sim,não
MI,10752,primatas_nao_humanos,11,sim,sim,não
MI,10752,animais_de_fazenda,0,sim,sim,não
MI,10752,porcos,17,sim,sim,não
MI,10752,coelhos,0,sim,sim,não
MI,10752,ovelhas,37,sim,sim,não
MN,234,outras_especies,11,sim,sim,não
MN,234,gatos,0,sim,sim,não
MN,234,caes,0,sim,sim,não
MN,234,cavia_p,217,sim,sim,não
MN,234,hamsters,0,sim,sim,não
MN,234,primatas_nao_humanos,0,sim,sim,não
MN,234,animais_de_fazenda,0,sim,sim,não
MN,234,porcos,1,sim,sim,não
MN,234,coelhos,3,sim,sim,não
MN,234,ovelhas,2,sim,sim,não
MO,16372,outras_especies,41,sim,sim,não
MO,16372,gatos,0,sim,sim,não
MO,16372,caes,256,sim,sim,não
MO,16372,cavia_p,1021,sim,sim,não
MO,16372,hamsters,15034,sim,sim,não
MO,16372,primatas_nao_humanos,0,sim,sim,não
MO,16372,animais_de_fazenda,0,sim,sim,não
MO,16372,porcos,0,sim,sim,não
MO,16372,coelhos,20,sim,sim,não
MO,16372,ovelhas,0,sim,sim,não
MS,15,outras_especies,15,sim,sim,não
MS,15,gatos,0,sim,sim,não
MS,15,caes,0,sim,sim,não
MS,15,cavia_p,0,sim,sim,não
MS,15,hamsters,0,sim,sim,não
MS,15,primatas_nao_humanos,0,sim,sim,não
MS,15,animais_de_fazenda,0,sim,sim,não
MS,15,porcos,0,sim,sim,não
MS,15,coelhos,0,sim,sim,não
MS,15,ovelhas,0,sim,sim,não
MT,0,outras_especies,0,sim,sim,não
MT,0,gatos,0,sim,sim,não
MT,0,caes,0,sim,sim,não
MT,0,cavia_p,0,sim,sim,não
MT,0,hamsters,0,sim,sim,não
MT,0,primatas_nao_humanos,0,sim,sim,não
MT,0,animais_de_fazenda,0,sim,sim,não
MT,0,porcos,0,sim,sim,não
MT,0,coelhos,0,sim,sim,não
MT,0,ovelhas,0,sim,sim,não
NC,422,outras_especies,64,sim,sim,não
NC,422,gatos,0,sim,sim,não
NC,422,caes,18,sim,sim,não
NC,422,cavia_p,328,sim,sim,não
NC,422,hamsters,0,sim,sim,não
NC,422,primatas_nao_humanos,12,sim,sim,não
NC,422,animais_de_fazenda,0,sim,sim,não
NC,422,porcos,0,sim,sim,não
NC,422,coelhos,0,sim,sim,não
NC,422,ovelhas,0,sim,sim,não
ND,0,outras_especies,0,sim,sim,não
ND,0,gatos,0,sim,sim,não
ND,0,caes,0,sim,sim,não
ND,0,cavia_p,0,sim,sim,não
ND,0,hamsters,0,sim,sim,não
ND,0,primatas_nao_humanos,0,sim,sim,não
ND,0,animais_de_fazenda,0,sim,sim,não
ND,0,porcos,0,sim,sim,não
ND,0,coelhos,0,sim,sim,não
ND,0,ovelhas,0,sim,sim,não
NE,16,outras_especies,0,sim,sim,não
NE,16,gatos,0,sim,sim,não
NE,16,caes,0,sim,sim,não
NE,16,cavia_p,0,sim,sim,não
NE,16,hamsters,0,sim,sim,não
NE,16,primatas_nao_humanos,0,sim,sim,não
NE,16,animais_de_fazenda,0,sim,sim,não
NE,16,porcos,0,sim,sim,não
NE,16,coelhos,0,sim,sim,não
NE,16,ovelhas,16,sim,sim,não
NH,0,outras_especies,0,sim,sim,não
NH,0,gatos,0,sim,sim,não
NH,0,caes,0,sim,sim,não
NH,0,cavia_p,0,sim,sim,não
NH,0,hamsters,0,sim,sim,não
NH,0,primatas_nao_humanos,0,sim,sim,não
NH,0,animais_de_fazenda,0,sim,sim,não
NH,0,porcos,0,sim,sim,não
NH,0,coelhos,0,sim,sim,não
NH,0,ovelhas,0,sim,sim,não
NJ,9192,outras_especies,0,sim,sim,não
NJ,9192,gatos,0,sim,sim,não
NJ,9192,caes,144,sim,sim,não
NJ,9192,cavia_p,2941,sim,sim,não
NJ,9192,hamsters,5392,sim,sim,não
NJ,9192,primatas_nao_humanos,26,sim,sim,não
NJ,9192,animais_de_fazenda,107,sim,sim,não
NJ,9192,porcos,6,sim,sim,não
NJ,9192,coelhos,576,sim,sim,não
NJ,9192,ovelhas,0,sim,sim,não
NM,412,outras_especies,40,sim,sim,não
NM,412,gatos,0,sim,sim,não
NM,412,caes,150,sim,sim,não
NM,412,cavia_p,210,sim,sim,não
NM,412,hamsters,0,sim,sim,não
NM,412,primatas_nao_humanos,0,sim,sim,não
NM,412,animais_de_fazenda,0,sim,sim,não
NM,412,porcos,12,sim,sim,não
NM,412,coelhos,0,sim,sim,não
NM,412,ovelhas,0,sim,sim,não
NV,0,outras_especies,0,sim,sim,não
NV,0,gatos,0,sim,sim,não
NV,0,caes,0,sim,sim,não
NV,0,cavia_p,0,sim,sim,não
NV,0,hamsters,0,sim,sim,não
NV,0,primatas_nao_humanos,0,sim,sim,não
NV,0,animais_de_fazenda,0,sim,sim,não
NV,0,porcos,0,sim,sim,não
NV,0,coelhos,0,sim,sim,não
NV,0,ovelhas,0,sim,sim,não
NY,1288,outras_especies,251,sim,sim,não
NY,1288,gatos,0,sim,sim,não
NY,1288,caes,104,sim,sim,não
NY,1288,cavia_p,773,sim,sim,não
NY,1288,hamsters,1,sim,sim,não
NY,1288,primatas_nao_humanos,31,sim,sim,não
NY,1288,animais_de_fazenda,2,sim,sim,não
NY,1288,porcos,30,sim,sim,não
NY,1288,coelhos,90,sim,sim,não
NY,1288,ovelhas,6,sim,sim,não
OH,1383,outras_especies,57,sim,sim,não
OH,1383,gatos,14,sim,sim,não
OH,1383,caes,0,sim,sim,não
OH,1383,cavia_p,766,sim,sim,não
OH,1383,hamsters,106,sim,sim,não
OH,1383,primatas_nao_humanos,342,sim,sim,não
OH,1383,animais_de_fazenda,0,sim,sim,não
OH,1383,porcos,14,sim,sim,não
OH,1383,coelhos,84,sim,sim,não
OH,1383,ovelhas,0,sim,sim,não
OK,454,outras_especies,67,sim,sim,não
OK,454,gatos,0,sim,sim,não
OK,454,caes,0,sim,sim,não
OK,454,cavia_p,0,sim,sim,não
OK,454,hamsters,0,sim,sim,não
OK,454,primatas_nao_humanos,0,sim,sim,não
OK,454,animais_de_fazenda,0,sim,sim,não
OK,454,porcos,0,sim,sim,não
OK,454,coelhos,387,sim,sim,não
OK,454,ovelhas,0,sim,sim,não
OR,4,outras_especies,4,sim,sim,não
OR,4,gatos,0,sim,sim,não
OR,4,caes,0,sim,sim,não
OR,4,cavia_p,0,sim,sim,não
OR,4,hamsters,0,sim,sim,não
OR,4,primatas_nao_humanos,0,sim,sim,não
OR,4,animais_de_fazenda,0,sim,sim,não
OR,4,porcos,0,sim,sim,não
OR,4,coelhos,0,sim,sim,não
OR,4,ovelhas,0,sim,sim,não
PA,1435,outras_especies,0,sim,sim,não
PA,1435,gatos,0,sim,sim,não
PA,1435,caes,0,sim,sim,não
PA,1435,cavia_p,71,sim,sim,não
PA,1435,hamsters,0,sim,sim,não
PA,1435,primatas_nao_humanos,18,sim,sim,não
PA,1435,animais_de_fazenda,0,sim,sim,não
PA,1435,porcos,1274,sim,sim,não
PA,1435,coelhos,72,sim,sim,não
PA,1435,ovelhas,0,sim,sim,não
PR,0,outras_especies,0,sim,sim,não
PR,0,gatos,0,sim,sim,não
PR,0,caes,0,sim,sim,não
PR,0,cavia_p,0,sim,sim,não
PR,0,hamsters,0,sim,sim,não
PR,0,primatas_nao_humanos,0,sim,sim,não
PR,0,animais_de_fazenda,0,sim,sim,não
PR,0,porcos,0,sim,sim,não
PR,0,coelhos,0,sim,sim,não
PR,0,ovelhas,0,sim,sim,não
RI,0,outras_especies,0,sim,sim,não
RI,0,gatos,0,sim,sim,não
RI,0,caes,0,sim,sim,não
RI,0,cavia_p,0,sim,sim,não
RI,0,hamsters,0,sim,sim,não
RI,0,primatas_nao_humanos,0,sim,sim,não
RI,0,animais_de_fazenda,0,sim,sim,não
RI,0,porcos,0,sim,sim,não
RI,0,coelhos,0,sim,sim,não
RI,0,ovelhas,0,sim,sim,não
SC,52,outras_especies,0,sim,sim,não
SC,52,gatos,0,sim,sim,não
SC,52,caes,0,sim,sim,não
SC,52,cavia_p,0,sim,sim,não
SC,52,hamsters,52,sim,sim,não
SC,52,primatas_nao_humanos,0,sim,sim,não
SC,52,animais_de_fazenda,0,sim,sim,não
SC,52,porcos,0,sim,sim,não
SC,52,coelhos,0,sim,sim,não
SC,52,ovelhas,0,sim,sim,não
SD,227,outras_especies,46,sim,sim,não
SD,227,gatos,0,sim,sim,não
SD,227,caes,0,sim,sim,não
SD,227,cavia_p,60,sim,sim,não
SD,227,hamsters,0,sim,sim,não
SD,227,primatas_nao_humanos,0,sim,sim,não
SD,227,animais_de_fazenda,0,sim,sim,não
SD,227,porcos,121,sim,sim,não
SD,227,coelhos,0,sim,sim,não
SD,227,ovelhas,0,sim,sim,não
TN,368,outras_especies,305,sim,sim,não
TN,368,gatos,0,sim,sim,não
TN,368,caes,0,sim,sim,não
TN,368,cavia_p,6,sim,sim,não
TN,368,hamsters,12,sim,sim,não
TN,368,primatas_nao_humanos,0,sim,sim,não
TN,368,animais_de_fazenda,0,sim,sim,não
TN,368,porcos,45,sim,sim,não
TN,368,coelhos,0,sim,sim,não
TN,368,ovelhas,0,sim,sim,não
TX,1688,outras_especies,282,sim,sim,não
TX,1688,gatos,0,sim,sim,não
TX,1688,caes,0,sim,sim,não
TX,1688,cavia_p,491,sim,sim,não
TX,1688,hamsters,426,sim,sim,não
TX,1688,primatas_nao_humanos,315,sim,sim,não
TX,1688,animais_de_fazenda,0,sim,sim,não
TX,1688,porcos,0,sim,sim,não
TX,1688,coelhos,169,sim,sim,não
TX,1688,ovelhas,5,sim,sim,não
UT,583,outras_especies,0,sim,sim,não
UT,583,gatos,0,sim,sim,não
UT,583,caes,0,sim,sim,não
UT,583,cavia_p,54,sim,sim,não
UT,583,hamsters,529,sim,sim,não
UT,583,primatas_nao_humanos,0,sim,sim,não
UT,583,animais_de_fazenda,0,sim,sim,não
UT,583,porcos,0,sim,sim,não
UT,583,coelhos,0,sim,sim,não
UT,583,ovelhas,0,sim,sim,não
VA,11,outras_especies,0,sim,sim,não
VA,11,gatos,0,sim,sim,não
VA,11,caes,11,sim,sim,não
VA,11,cavia_p,0,sim,sim,não
VA,11,hamsters,0,sim,sim,não
VA,11,primatas_nao_humanos,0,sim,sim,não
VA,11,animais_de_fazenda,0,sim,sim,não
VA,11,porcos,0,sim,sim,não
VA,11,coelhos,0,sim,sim,não
VA,11,ovelhas,0,sim,sim,não
VT,0,outras_especies,0,sim,sim,não
VT,0,gatos,0,sim,sim,não
VT,0,caes,0,sim,sim,não
VT,0,cavia_p,0,sim,sim,não
VT,0,hamsters,0,sim,sim,não
VT,0,primatas_nao_humanos,0,sim,sim,não
VT,0,animais_de_fazenda,0,sim,sim,não
VT,0,porcos,0,sim,sim,não
VT,0,coelhos,0,sim,sim,não
VT,0,ovelhas,0,sim,sim,não
WA,10,outras_especies,10,sim,sim,não
WA,10,gatos,0,sim,sim,não
WA,10,caes,0,sim,sim,não
WA,10,cavia_p,0,sim,sim,não
WA,10,hamsters,0,sim,sim,não
WA,10,primatas_nao_humanos,0,sim,sim,não
WA,10,animais_de_fazenda,0,sim,sim,não
WA,10,porcos,0,sim,sim,não
WA,10,coelhos,0,sim,sim,não
WA,10,ovelhas,0,sim,sim,não
WI,436,outras_especies,436,sim,sim,não
WI,436,gatos,0,sim,sim,não
WI,436,caes,0,sim,sim,não
WI,436,cavia_p,0,sim,sim,não
WI,436,hamsters,0,sim,sim,não
WI,436,primatas_nao_humanos,0,sim,sim,não
WI,436,animais_de_fazenda,0,sim,sim,não
WI,436,porcos,0,sim,sim,não
WI,436,coelhos,0,sim,sim,não
WI,436,ovelhas,0,sim,sim,não
WV,0,outras_especies,0,sim,sim,não
WV,0,gatos,0,sim,sim,não
WV,0,caes,0,sim,sim,não
WV,0,cavia_p,0,sim,sim,não
WV,0,hamsters,0,sim,sim,não
WV,0,primatas_nao_humanos,0,sim,sim,não
WV,0,animais_de_fazenda,0,sim,sim,não
WV,0,porcos,0,sim,sim,não
WV,0,coelhos,0,sim,sim,não
WV,0,ovelhas,0,sim,sim,não
WY,0,outras_especies,0,sim,sim,não
WY,0,gatos,0,sim,sim,não
WY,0,caes,0,sim,sim,não
WY,0,cavia_p,0,sim,sim,não
WY,0,hamsters,0,sim,sim,não
WY,0,primatas_nao_humanos,0,sim,sim,não
WY,0,animais_de_fazenda,0,sim,sim,não
WY,0,porcos,0,sim,sim,não
WY,0,coelhos,0,sim,sim,não
WY,0,ovelhas,0,sim,sim,não
